UnitID,INSTNM_HD2017,fasb_gasb_DRVF2018,core_revenues_DRVF2018,endowment_assets_DRVF2018,equity_ratio_DRVF2018,LEXPTOTF_DRVAL2018,LEXOMTLP_DRVAL2018,LSALWAGP_DRVAL2018,LBRANCH_AL2018,LTCLLCT_AL2018,LEXPTOT_AL2018,LEXOMOT_AL2018,LSALWAG_AL2018,LTCRCLT_AL2018,ADDR_HD2017,CITY_HD2017,STABBR_HD2017,ZIP_HD2017,LONGITUD_HD2017,LATITUDE_HD2017,OBEREG_HD2017,C15IPUG_HD2017,C15IPGRD_HD2017,C15UGPRF_HD2017,C15ENPRF_HD2017,C15SZSET_HD2017,INSTCAT_HD2017,INSTSIZE_HD2017,LOCALE_HD2017,SANIN04_SAL2017_NIS_RV,SANIT04_SAL2017_NIS_RV,DVADM01_DRVADM2017_RV,DVADM04_DRVADM2017_RV,EFGRAD_DRVEF2017_RV,EFUG_DRVEF2017_RV,ENRTOT_DRVEF2017_RV,SFTELCA_DRVHR2017_RV
195049,Rockefeller University,fasb,559835022,32252970,70,43294,5,19,1,91586,2944000,151000,558000,50012,1230 York Avenue,New York,NY,10065-6399,-73.955198,40.762489,2,0,13,0,7,18,1,1,11,54,2571500,,,232,0,232,3
186131,Princeton University,fasb,3955003000,3053449,87,7964,7,33,9,10671396,66352125,4118259,22138657,2401357,1 Nassau Hall,Princeton,NJ,08544-0070,-74.659365,40.348732,2,11,15,14,5,14,2,3,21,349,27507115,6,66,2879,5394,8273,289
166027,Harvard University,fasb,7416151000,1422130,83,6860,35,30,33,19241743,189256638,65244399,56575771,3170275,Massachusetts Hall,Cambridge,MA,2138,-71.118313,42.374471,1,8,14,14,6,17,2,5,12,847,51426972,5,83,21155,9965,31120,631
130794,Yale University,fasb,6301645817,1898204,77,6757,21,39,11,11317563,104817334,20964260,41116569,12409031,Woodbridge Hall,New Haven,CT,6520,-72.926688,41.311158,1,8,14,14,6,17,2,4,12,476,36788569,7,69,7228,5746,12974,467
243744,Stanford University,fasb,6271342000,1496715,84,6447,20,41,19,15517686,113999967,22859467,46931212,4256946,,Stanford,CA,94305,-122.167359,37.429434,8,11,14,14,6,17,2,4,21,379,30066055,5,82,10470,7064,17534,341
200697,Air Force Institute of Technology-Graduate School of Engineering & Management,,,,,4768,0,48,1,230316,4143024,0,1989198,253073,2950 Hobson Way,Wright-Patterson AFB,OH,45433-7765,-84.082618,39.782221,0,0,17,0,7,18,1,1,21,,,,,898,0,898,
182670,Dartmouth College,fasb,1464489695,821011,78,3893,7,35,7,5103899,26052757,1848274,9167871,1611691,207 Parkhurst Hall,Hanover,NH,03755-3529,-72.289949,43.704115,1,7,17,14,5,14,2,3,33,375,22929934,10,58,2099,4410,6509,134
110404,California Institute of Technology,fasb,851216000,1301837,57,3496,16,34,5,372179,7807068,1282646,2640525,2296832,1200 E California Blvd,Pasadena,CA,91125,-118.125878,34.137349,8,11,17,14,6,10,2,2,12,42,2821943,8,41,1277,961,2238,23
139658,Emory University,fasb,2642863000,531797,68,3479,12,38,8,4255622,53308698,6172422,20269692,1448088,408 Administration Building  201 Dowman Drive,Atlanta,GA,30322,-84.325512,33.790183,5,8,14,14,5,17,2,4,21,860,55972763,22,27,7326,6937,14263,173
198419,Duke University,fasb,3829657000,504459,72,3128,10,36,7,7379495,52852269,5146350,19087329,1852591,103 Allen Bldg,Durham,NC,27708,-78.937624,36.001135,5,11,14,14,6,17,2,4,11,184,11414173,10,54,9434,6696,16130,187
221999,Vanderbilt University,fasb,1441688835,395984,87,3081,21,27,8,5515550,35855922,7520514,9795713,1493970,2101 West End Avenue,Nashville,TN,37240,-86.803369,36.14659,5,8,14,14,5,17,2,4,11,219,10029996,11,47,5707,6885,12592,130
227757,Rice University,fasb,1126636000,841965,85,2928,5,28,1,2621991,21665016,936198,6108274,296369,6100 S Main St,Houston,TX,77005-1827,-95.402035,29.717897,6,11,15,14,5,14,2,3,11,130,7237442,16,37,3021,4001,7022,68
217156,Brown University,fasb,1326110000,364762,80,2807,8,35,7,4693070,27735209,2196055,9572811,1382751,One Prospect Street,Providence,RI,2912,-71.40385,41.82617,1,8,14,14,5,14,2,4,12,226,14697799,8,59,3107,6988,10095,105
166683,Massachusetts Institute of Technology,fasb,5371939000,1454419,83,2680,11,43,4,10683441,30221796,3473603,12891086,2006849,77 Massachusetts Avenue,Cambridge,MA,02139-4307,-71.092115,42.360095,1,14,15,14,6,17,2,4,12,74,6763053,7,76,6919,4547,11466,76
190415,Cornell University,fasb,2644135890,291845,80,2677,22,38,15,8100592,63031357,13756528,24121245,3058193,300 Day Hall,Ithaca,NY,14853,-76.483084,42.4472,2,14,14,14,5,17,2,5,13,393,25142748,13,56,8109,14907,23016,265
179867,Washington University in St Louis,fasb,4034031000,493509,79,2624,27,28,11,4370391,40871009,11090227,11362729,1383674,One Brookings Drive,Saint Louis,MO,63130-4899,-90.310604,38.647929,4,11,14,14,5,17,2,4,21,118,6756078,16,37,7628,7675,15303,91
215062,University of Pennsylvania,fasb,5242432000,562092,70,2582,19,35,14,16718787,63285487,11553078,22294824,1186985,34th & Spruce Street,Philadelphia,PA,19104-6303,-75.19391,39.950929,2,14,14,14,6,16,2,5,11,250,16057015,9,65,13651,11716,25367,128
152080,University of Notre Dame,fasb,2264937000,837184,79,2481,6,38,10,3897004,32785210,1844430,12349066,286483,400 Main Building,Notre Dame,IN,46556,-86.238959,41.703058,3,14,15,14,5,17,2,4,21,265,17369865,19,55,3891,8576,12467,143
190150,Columbia University in the City of New York,fasb,5439864000,365083,80,2418,7,38,13,14663145,71981022,4538411,27156745,322189,West 116 St and Broadway,New York,NY,10027,-73.961885,40.808286,2,11,14,15,6,17,2,5,11,404,28344937,6,61,22257,8147,30404,290
199847,Wake Forest University,fasb,1411552000,157364,66,2332,21,30,2,3098336,19697715,4166087,5890420,336773,1834 Wake Forest Road,Winston-Salem,NC,27106,-80.277446,36.133609,5,10,17,14,5,14,2,3,12,79,4522340,28,37,3014,5102,8116,74
164924,Boston College,fasb,866331068,192521,71,2250,5,37,7,2825638,29397446,1211961,10844334,419022,140 Commonwealth Avenue,Chestnut Hill,MA,2467,-71.169242,42.336213,1,11,15,14,5,17,2,4,13,215,15610925,32,26,4707,9921,14628,66
144050,University of Chicago,fasb,2546085833,431935,57,2237,7,35,5,8024409,36297001,2302901,12604874,1643329,5801 S Ellis Ave,Chicago,IL,60637,-87.599539,41.787994,3,8,14,14,6,17,2,4,11,735,58014670,9,72,9917,6310,16227,128
147767,Northwestern University,fasb,2935777000,418008,79,2228,10,39,2,5354196,44697206,3810180,17608560,3348840,633 Clark St,Evanston,IL,60208,-87.679858,42.050356,3,11,14,14,6,16,2,5,13,251,16336660,9,55,13308,8700,22008,200
195030,University of Rochester,fasb,1131429000,191399,59,2148,10,33,7,4546489,25330306,2506688,8234225,778788,Wilson Blvd. - Wallis Hall,Rochester,NY,14627-0011,-77.631202,43.126397,2,10,14,14,5,14,2,4,12,257,14052240,34,24,5102,6546,11648,96
162928,Johns Hopkins University,fasb,6366233000,169492,67,2109,18,30,11,5384872,52133835,9464383,15400533,1557244,3400 N Charles St,Baltimore,MD,21218-2688,-76.621595,39.328977,2,14,14,14,6,17,2,5,11,737,50151133,13,42,19042,6109,25151,102
131496,Georgetown University,fasb,1371776000,107611,55,2069,10,38,6,4836535,34015120,3467279,13008452,1790953,37th and O St NW,Washington,DC,20057-0001,-77.073463,38.908809,2,11,14,14,6,17,2,4,11,107,7443867,16,47,11542,7463,19005,85
197708,Yeshiva University,fasb,191014000,89632,52,2063,3,33,4,2070974,11850352,297214,3862039,115823,500 W 185th St,New York,NY,10033-3299,-73.929873,40.850605,2,10,18,14,6,14,2,3,11,191,13971408,63,53,3573,2757,6330,24
112251,Claremont Graduate University,fasb,59998431,183347,73,2056,22,25,0,3568709,13155720,2882588,3345649,1171273,150 E Tenth St,Claremont,CA,91711-6160,-117.713703,34.103585,8,0,15,0,7,18,1,2,21,29,1532302,,,1913,0,1913,0
234076,University of Virginia-Main Campus,gasb,2184951197,263763,70,2020,19,39,12,5068462,52502301,9891359,20296101,4747298,1827 University Avenue,Charlottesville,VA,22903-2628,-78.503428,38.035665,5,11,14,14,5,16,2,5,23,246,15620218,27,38,7705,16655,24360,171
135726,University of Miami,fasb,1817664937,58728,50,1800,17,31,6,3412404,31304447,5176191,9672205,343261,University of Miami,Coral Gables,FL,33146,-80.278662,25.72126,5,14,14,15,5,16,2,4,21,147,8458802,36,20,6171,10832,17003,93
170976,University of Michigan-Ann Arbor,gasb,4494847000,249867,65,1750,11,42,10,18316648,82162585,8812193,34503244,6874602,503 Thompson Street,Ann Arbor,MI,48109,-83.742769,42.275921,3,11,14,14,5,16,2,5,12,1070,58240455,27,43,16181,29821,46002,413
168148,Tufts University,fasb,979672960,157828,71,1712,5,29,6,1847399,20020239,882422,5756380,1537249,,Medford,MA,02155-5555,-71.120316,42.408465,1,8,14,14,6,17,2,4,21,145,10660147,15,45,5908,5541,11449,34
110635,University of California-Berkeley,gasb,2871112000,47150,6,1687,7,44,28,29117483,71511709,4712060,31470028,4896293,200 California Hall,Berkeley,CA,94720,-122.260463,37.871918,8,11,15,15,5,16,2,5,12,930,65038683,17,44,11317,30574,41891,218
160755,Tulane University of Louisiana,fasb,794579000,109327,63,1670,6,27,6,3363296,21144635,1261686,5627936,276262,6823 St. Charles Avenue,New Orleans,LA,70118-5698,-90.122144,29.940069,5,11,14,8,5,16,2,4,11,142,6395779,21,25,4513,7871,12384,94
131469,George Washington University,fasb,1155486000,76163,52,1614,13,43,4,2821120,38117761,4754400,16490707,1255383,2121 I Street  NW,Washington,DC,20052,-77.048363,38.89923,2,11,14,14,5,17,2,5,11,254,16464777,41,24,15974,11999,27973,108
199120,University of North Carolina at Chapel Hill,gasb,2527761547,113191,17,1590,13,41,10,17833009,46472653,5601231,19106867,5323058,103 South Bldg Cb 9100,Chapel Hill,NC,27599,-79.050969,35.911769,5,11,14,14,5,17,2,5,13,511,37889123,24,45,11049,18862,29911,138
228246,Southern Methodist University,fasb,581858000,147767,64,1583,11,37,6,6339624,17342607,1803736,6416262,388325,6425 Boaz St,Dallas,TX,75275-0221,-96.784855,32.845254,6,14,15,14,5,14,2,4,21,81,4579714,49,22,5337,6452,11789,65
110662,University of California-Los Angeles,gasb,4829355000,46004,6,1556,14,43,12,19284980,71900048,9182921,30922638,27962054,405 Hilgard Ave,Los Angeles,CA,90095-1405,-118.443901,34.068892,8,8,14,15,5,16,2,5,11,711,47862817,16,37,13025,31002,44027,151
231624,College of William and Mary,gasb,386959534,108018,55,1542,9,38,5,3832595,13356322,1253671,5131775,1008657,200 Richmond Road,Williamsburg,VA,23187-8795,-76.708214,37.269489,5,7,15,14,4,14,2,3,23,202,13010509,36,29,2455,6285,8740,47
201645,Case Western Reserve University,fasb,1013748238,175089,75,1535,10,33,5,2828951,16537637,1535498,5511197,67094,10900 Euclid Ave,Cleveland,OH,44106,-81.609596,41.507419,3,14,14,14,6,17,2,4,11,218,13340681,33,16,6674,5150,11824,73
140553,Morehouse College,fasb,64595685,65319,77,1482,45,29,,,,,,,830 Westview Dr SW,Atlanta,GA,30314,-84.414917,33.745982,5,9,0,12,2,11,2,2,11,32,1719053,74,35,0,2202,2202,0
223232,Baylor University,fasb,703082000,75116,69,1452,13,35,4,4533134,25341704,3209047,8964403,1624431,,Waco,TX,76798,-97.117641,31.54896,6,16,15,14,4,16,2,4,12,193,8941824,39,23,2743,14316,17059,104
196468,Teachers College at Columbia University,fasb,222310839,81492,65,1426,16,51,0,666340,5672621,892652,2911466,188430,525 W 120th St,New York,NY,10027,-73.960194,40.810216,2,0,18,0,7,18,1,2,11,268,17490224,,,4701,0,4701,21
240727,University of Wyoming,gasb,573183973,47195,69,1366,12,19,4,4993288,14851962,1413358,2853200,94577,Corner of Ninth and Ivinson,Laramie,WY,82071,-105.57931,41.311773,7,14,17,15,4,15,2,4,33,184,8560200,97,41,2606,9791,12397,67
138947,Clark Atlanta University,fasb,106628497,18517,83,1360,45,29,0,4222758,12197654,5490794,3548696,180001,223 James P Brawley Drive  SW,Atlanta,GA,30314-4391,-84.412584,33.747628,5,14,15,10,4,14,2,2,11,11,505917,58,11,690,3302,3992,1
153658,University of Iowa,gasb,1854796000,49895,64,1346,6,32,7,5263067,40488444,2325657,13122218,1934235,101 Jessup Hall,Iowa City,IA,52242-1316,-91.536425,41.661935,4,14,14,15,4,16,2,5,13,593,34914390,86,21,7663,24503,32166,110
131159,American University,fasb,583818000,52760,64,1332,10,40,1,2070863,17079563,1665704,6787249,820559,4400 Massachusetts Ave NW,Washington,DC,20016-8001,-77.088875,38.936005,2,11,15,14,5,16,2,4,11,95,6290367,29,32,5735,8123,13858,62
165015,Brandeis University,fasb,362573395,154905,77,1327,8,37,0,2353887,8961942,622846,3301140,481046,415 South St,Waltham,MA,02454-9110,-71.254716,42.364947,1,8,15,14,5,14,2,3,13,221,15432017,34,21,2086,3635,5721,45
239105,Marquette University,fasb,414613000,60476,74,1321,2,32,1,4499744,14604296,344049,4730050,132375,1250 W Wisconsin Avenue,Milwaukee,WI,53233,-87.927961,43.03903,3,13,17,14,4,17,2,4,11,79,4821176,89,17,3091,8335,11426,69
141574,University of Hawaii at Manoa,gasb,897388712,2731,48,1321,5,49,3,2741931,20444101,985268,9991292,114120,2500 Campus Road,Honolulu,HI,96822-2217,-157.818979,21.298598,8,14,14,13,4,16,2,4,11,542,42613944,83,28,4731,12881,17612,82
196413,Syracuse University,fasb,923897977,57297,74,1237,10,36,3,2305784,28900589,2599664,10293408,202081,900 South Crouse Ave.,Syracuse,NY,13244,-76.136975,43.040176,2,17,15,14,5,17,2,5,12,129,7440434,47,24,7232,15252,22484,98
117946,Loyola Marymount University,fasb,374266000,56649,77,1225,7,33,0,1366175,10329324,757218,3396127,78112,One Lmu Drive,Los Angeles,CA,90045-2659,-118.415744,33.97085,8,10,12,15,5,14,2,3,11,92,5519369,52,18,3227,6391,9618,58
193900,New York University,fasb,6454024693,83742,45,1217,11,36,9,5923943,61344650,6697880,22157048,9558902,70 Washington Sq South,New York,NY,10012-1091,-73.997264,40.729452,2,14,14,14,5,16,2,5,11,1038,70077676,28,34,24706,26417,51123,107
131450,Gallaudet University,fasb,134460313,126585,87,1215,25,45,0,234295,1757898,430201,785727,16070,800 Florida Ave  NE,Washington,DC,20002-3695,-76.993675,38.907371,2,10,18,11,5,11,2,2,11,27,1669397,59,72,449,1129,1578,10
213543,Lehigh University,fasb,452456000,203905,79,1197,4,36,0,1284199,7942011,315616,2846633,366948,27 Memorial Drive West,Bethlehem,PA,18015,-75.380236,40.606822,2,17,15,14,4,14,2,3,13,113,5297770,25,35,1942,5075,7017,34
123961,University of Southern California,fasb,3405243000,138068,74,1181,7,32,24,7122252,47414985,3425006,15261039,2828607,University Park,Los Angeles,CA,90089,-118.284169,34.021281,8,14,14,15,6,16,2,5,11,160,10674073,16,37,26517,19170,45687,114
228778,The University of Texas at Austin,gasb,3322700425,86293,91,1180,14,41,15,14633029,55253379,7655415,22519937,2854068,110 Inner Campus Drive,Austin,TX,78712,-97.738273,30.282825,6,14,15,15,4,15,2,5,11,509,25948050,36,45,11033,40492,51525,228
130943,University of Delaware,fasb,965282192,61847,63,1171,10,31,3,4845475,26755215,2448589,8358844,716542,104 Hullihen Hall,Newark,DE,19716,-75.752822,39.679577,2,14,15,14,4,16,2,5,21,134,8781675,63,27,4024,19750,23774,51
231174,University of Vermont,gasb,648851000,37782,22,1166,4,33,2,1732783,15145959,527528,5026496,361517,85 S Prospect St,Burlington,VT,05405-0160,-73.196646,44.477325,1,13,17,14,4,17,2,4,13,331,19130353,67,18,2001,11339,13340,45
211440,Carnegie Mellon University,fasb,1282541358,139539,78,1152,12,30,3,2018423,15451002,1828161,4671509,1126227,5000 Forbes Avenue,Pittsburgh,PA,15213-3890,-79.941993,40.44357,2,14,15,14,6,17,2,4,11,111,4936591,22,37,7336,6533,13869,54
215293,University of Pittsburgh-Pittsburgh Campus,fasb,2292308507,138821,73,1150,7,35,16,5829390,37605157,2754235,13012064,2864942,4200 Fifth Avenue,Pittsburgh,PA,15260,-79.953254,40.444388,2,14,14,14,5,16,2,5,11,307,15886424,60,24,9316,19326,28642,182
127060,University of Denver,fasb,482115133,72463,79,1148,8,30,1,4591167,12076294,907255,3596363,836742,2199 S. University Blvd,Denver,CO,80208,-104.963259,39.678005,7,11,15,14,5,13,2,4,11,212,10931047,58,13,5669,5765,11434,25
191241,Fordham University,fasb,590123000,45785,68,1144,6,36,3,2231278,18217602,1069633,6581506,287401,441 E Fordham Rd,Bronx,NY,10458,-73.882705,40.859354,2,11,15,14,5,17,2,4,11,43,2918135,46,11,6438,9599,16037,28
243221,University of Puerto Rico-Rio Piedras,gasb,211029606,,-187,1129,1,55,23,1531498,13384150,122669,7303608,747111,39 Ponce de Leon  Ave,San Juan,PR,00931-0000,-66.050009,18.402826,9,13,15,14,4,15,2,4,11,123,3620643,40,88,3117,11981,15098,94
151351,Indiana University-Bloomington,gasb,1363320349,27729,69,1116,11,36,15,11062050,46449941,5013053,16887116,2405256,107 South Indiana Ave.,Bloomington,IN,47405-7000,-86.526559,39.16609,3,14,15,14,4,16,2,5,13,159,8673202,76,25,10281,33429,43710,134
131283,Catholic University of America,fasb,243828552,65458,73,1107,7,48,1,1879359,5926805,369729,2828569,1348735,620 Michigan Avenue  NE,Washington,DC,20064,-76.997909,38.933651,2,14,15,14,5,14,2,3,11,132,7961839,83,17,2708,3315,6023,26
102614,University of Alaska Fairbanks,gasb,397994430,20138,59,1078,3,42,1,1229316,5670289,159861,2363653,44723,505 South Chandalar Drive,Fairbanks,AK,99775-7500,-147.823146,64.85756,8,16,15,9,4,13,2,3,23,45,3274945,77,64,1025,6639,7664,26
207971,University of Tulsa,fasb,227744547,267745,88,1072,8,35,1,1513381,4463546,370974,1583825,33263,800 South Tucker Drive,Tulsa,OK,74104-3189,-95.945941,36.152324,6,13,15,14,4,14,2,2,11,123,4859148,39,24,1090,3343,4433,53
216366,Thomas Jefferson University,fasb,928894295,122075,55,1062,6,38,2,365879,8117668,395611,3076941,266165,1020 Walnut Street,Philadelphia,PA,19107,-75.158266,39.948274,2,20,13,11,6,10,2,2,11,26,1599840,,,3212,816,4028,21
209551,University of Oregon,gasb,780911472,40007,42,1060,10,36,7,3067887,24168919,2349676,8739597,387676,110 Johnson Hall,Eugene,OR,97403,-123.075792,44.045146,8,11,15,15,4,15,2,5,12,417,23860288,83,23,3547,19340,22887,106
228875,Texas Christian University,fasb,568479000,156696,74,1053,6,31,0,3066145,10948195,614595,3358076,421860,2800 S University Dr,Fort Worth,TX,76129,-97.361537,32.709568,6,13,15,14,4,13,2,4,11,72,3973819,41,24,1478,9011,10489,39
199193,North Carolina State University at Raleigh,gasb,1474004063,42285,13,1052,18,45,4,3099627,32190766,5857288,14573308,3059118,2101 Hillsborough Street,Raleigh,NC,27695-7001,-78.674517,35.785111,5,17,17,15,4,16,2,5,11,902,57776387,51,35,10282,24150,34432,91
129020,University of Connecticut,gasb,1699828511,15508,-16,1048,4,32,7,2950966,28652698,1030728,9232617,867650,352 Mansfield Road,Storrs,CT,6269,-72.249948,41.809098,1,14,14,14,5,17,2,5,21,99,7368880,48,23,8337,19241,27578,75
161253,University of Maine,gasb,330223000,33555,77,1045,5,23,1,6794716,10064681,423522,2302594,393088,168 College Avenue,Orono,ME,4469,-68.669332,44.899257,1,17,15,12,4,13,2,4,23,171,8225560,92,19,1961,9279,11240,31
157085,University of Kentucky,gasb,1615317832,49725,59,1044,14,35,10,5322546,28025264,3710471,9700848,2460536,South Limestone,Lexington,KY,40506-0032,-84.504747,38.038911,5,17,14,14,4,16,2,5,11,260,14453532,96,27,7040,22425,29465,124
146719,Loyola University Chicago,fasb,577938043,40943,73,1029,5,31,6,1417314,16094857,702336,5015845,73516,1032 W. Sheridan Rd,Chicago,IL,60660,-87.656872,42.000765,3,14,14,14,5,16,2,4,11,49,2709405,71,16,5253,11420,16673,50
157289,University of Louisville,gasb,692907000,39187,55,1026,10,32,6,1085214,18645380,1771811,5873502,109097,2301 S 3rd St,Louisville,KY,40292-0001,-85.760412,38.216862,5,14,14,15,4,15,2,5,11,74,2544460,75,34,5856,15546,21402,30
122436,University of San Diego,fasb,380955000,61165,81,1008,4,41,0,1529360,8737428,325909,3572264,1206196,5998 Alcala Park,San Diego,CA,92110-2492,-117.188721,32.77142,8,13,18,15,5,13,2,3,11,186,12265730,50,16,3131,5774,8905,39
179159,Saint Louis University,fasb,537656124,103757,73,1000,3,35,2,2331427,11816863,325370,4093393,350839,One North Grand Blvd,Saint Louis,MO,63103-2097,-90.2351,38.636801,4,17,14,15,5,17,2,4,11,28,1752902,64,19,4671,9910,14581,18
174066,University of Minnesota-Twin Cities,gasb,3018411154,70492,49,998,9,39,23,6880093,49577602,4334895,19525923,662410,100 Church Street SE,Minneapolis,MN,55455-0213,-93.235464,44.972851,4,14,14,15,5,15,2,5,11,559,34893243,50,29,16415,35433,51848,277
214777,Pennsylvania State University-Main Campus,fasb,3122498451,49017,65,990,10,40,27,8330693,68152501,6967683,27192295,1873705,201 Old Main,University Park,PA,16802-1503,-77.862848,40.7965,2,17,15,14,4,16,2,5,13,543,27747076,50,28,6284,40835,47119,121
149222,Southern Illinois University-Carbondale,gasb,792935155,11403,41,968,4,33,1,3311138,12655558,523543,4205459,178996,Lincoln Drive,Carbondale,IL,62901-4512,-89.217273,37.714193,3,17,14,13,4,16,2,4,13,176,13956638,76,23,3567,10987,14554,28
221759,The University of Tennessee-Knoxville,gasb,1136725677,26911,65,952,6,39,5,3275073,25773131,1419321,10173587,1535397,527 Andy Holt Tower,Knoxville,TN,37996,-83.925852,35.952082,5,14,14,15,5,16,2,5,12,521,27386825,77,34,6004,22317,28321,90
230038,Brigham Young University-Provo,fasb,1425152061,57916,83,948,8,42,0,13857684,32316174,2681496,13538701,785377,Main Campus,Provo,UT,84602,-111.649281,40.250851,7,13,17,14,3,15,2,5,12,124,8488330,52,81,3101,31233,34334,95
236948,University of Washington-Seattle Campus,gasb,3854135362,63955,42,940,11,41,12,7400426,49870645,5516556,20329055,1479171,1400 NE Campus Parkway,Seattle,WA,98195-4550,-122.30514,47.65538,8,11,14,15,5,15,2,5,11,948,60379261,46,33,14835,31331,46166,233
216597,Villanova University,fasb,509251208,67355,76,922,5,43,1,1506976,9731248,490892,4164474,408562,800 Lancaster Avenue,Villanova,PA,19085-1699,-75.345457,40.039388,2,14,17,14,4,14,2,4,21,37,2471946,36,23,4017,6950,10967,32
187985,University of New Mexico-Main Campus,gasb,1066636928,21427,15,920,16,45,5,5145951,20059801,3118666,8929803,1271811,1700 Lomas Blvd NE,Albuquerque,NM,87106,-106.620155,35.083868,6,14,14,9,4,15,2,5,11,336,15185777,67,42,5867,20354,26221,124
155317,University of Kansas,gasb,1183297725,68590,55,919,7,40,7,7558357,23647924,1562390,9418306,3160490,Strong Hall  1450 Jayhawk Blvd  Room 230,Lawrence,KS,66045,-95.247567,38.958549,4,14,14,15,5,16,2,5,13,431,26294331,93,31,8287,19338,27625,112
165334,Clark University,fasb,129700000,140563,82,912,6,34,2,1016707,2835594,150936,951822,37258,950 Main St,Worcester,MA,01610-1477,-71.823356,42.249987,1,7,16,14,5,14,2,2,12,22,1147603,56,13,913,2240,3153,6
230764,University of Utah,gasb,2119406000,36293,74,912,14,48,2,5139692,26431379,3589783,12791437,11911512,201 Presidents Circle  ROOM 201,Salt Lake City,UT,84112-9008,-111.846044,40.762484,7,14,14,9,4,15,2,5,12,170,6623653,66,28,8165,24635,32800,116
140447,Mercer University,fasb,268484001,41780,57,912,5,40,4,1572726,7548609,352279,3014218,443397,1501 Mercer University Drive,Macon,GA,31207,-83.648295,32.831787,5,16,18,15,5,14,2,3,12,85,3998789,73,26,3906,4747,8653,60
234030,Virginia Commonwealth University,gasb,990909896,70321,38,905,8,33,3,2934774,25123110,1960087,8262213,1246259,910 W Franklin St,Richmond,VA,23284-2512,-77.453597,37.547631,5,14,14,13,4,16,2,5,12,528,29507862,84,32,7012,23663,30675,68
126562,University of Colorado Denver/Anschutz Medical Campus,gasb,1285867745,,42,900,10,36,1,1318191,16662553,1687407,6058193,4865711,1380 Lawrence Street  Lawrence Street Center  Suite 1400,Denver,CO,80217-3364,-104.837722,39.745149,7,11,17,9,5,15,2,5,11,267,14578059,65,20,9253,15586,24839,50
204796,Ohio State University-Main Campus,gasb,2966844143,87581,35,892,21,34,11,7853813,52834531,10573715,17798911,848549,190 N. Oval Mall,Columbus,OH,43210,-83.014853,39.999324,3,14,14,15,4,16,2,5,11,831,34870960,48,31,13891,45946,59837,139
186371,Rutgers University-Camden,gasb,191775000,9407,17,890,7,47,1,418644,5338479,387164,2535111,149375,406 Penn,Camden,NJ,8102,-75.12224,39.948064,2,13,17,13,4,12,2,3,13,118,7572143,69,10,1364,5489,6853,30
228723,Texas A & M University-College Station,gasb,3326547571,209128,87,886,17,32,14,6102572,53756854,8815458,17258063,2543973,JKW Administration Building  Suite 200,College Station,TX,77843-1248,-96.336475,30.618726,6,14,14,14,4,15,2,5,12,160,6541732,71,45,14864,53065,67929,111
164988,Boston University,fasb,2146238000,66757,61,886,9,40,20,4381109,28915531,2357367,11635837,2083172,One Silber Way,Boston,MA,2215,-71.107942,42.351118,1,14,14,14,5,17,2,5,11,134,8792403,25,23,15275,18080,33355,110
207388,Oklahoma State University-Main Campus,gasb,661316515,18188,38,866,16,33,4,5451301,19421864,3136580,6388109,769661,107 Whitehurst,Stillwater,OK,74078-1015,-97.069743,36.123085,6,17,14,15,4,16,2,5,32,345,16915946,74,42,4303,20992,25295,43
110680,University of California-San Diego,gasb,3272433000,20034,6,863,16,53,1,3298761,32135690,5037159,17089075,2264701,9500 Gilman Dr,La Jolla,CA,92093,-117.237793,32.876598,8,8,14,15,4,16,2,5,11,690,42844803,34,19,7185,28587,35772,101
240444,University of Wisconsin-Madison,gasb,2716065392,107448,68,861,15,49,27,8239738,33986532,4808248,16484760,2871160,500 Lincoln Dr,Madison,WI,53706-1380,-89.404098,43.075409,3,11,14,14,5,16,2,5,11,261,13970385,54,35,11619,31358,42977,204
186399,Rutgers University-Newark,gasb,454947000,14602,28,853,7,49,1,674175,9479339,657997,4643586,258571,249 University Avenue  Blumenthal Hall,Newark,NJ,7102,-74.175809,40.739122,2,16,15,13,5,12,2,4,11,147,9979046,64,15,4217,8551,12768,59
104179,University of Arizona,gasb,1904525558,22906,27,853,12,33,4,11415305,35486053,4315276,11876917,4743425,1401 E University,Tucson,AZ,85721-0066,-110.950815,32.232672,6,14,14,13,4,15,2,5,11,750,45391832,84,26,9650,34101,43751,175
136215,Nova Southeastern University,fasb,683541398,9152,59,852,6,38,3,1378593,15003525,953568,5705421,1060976,3301 College Ave,Fort Lauderdale,FL,33314-7796,-80.24248,26.079337,5,16,18,9,6,15,2,5,21,370,14974641,58,22,16296,4497,20793,50
145637,University of Illinois at Urbana-Champaign,gasb,2873532493,29454,48,851,8,49,14,8276710,45621085,3172748,22239739,3624477,601 E John Street,Champaign,IL,61820-5711,-88.229114,40.104718,3,14,14,14,4,16,2,5,13,803,43532044,62,31,14261,33955,48216,249
196060,SUNY at Albany,gasb,510764877,4453,-65,851,3,46,2,2009626,13695516,381795,6365759,276097,1400 Washington Avenue,Albany,NY,12222,-73.824662,42.685489,2,8,15,15,4,17,2,4,13,96,5860642,54,21,4235,13508,17743,34
163286,University of Maryland-College Park,gasb,1786232938,17504,67,844,13,45,6,5720374,29899022,3666536,13385471,1212268,,College Park,MD,20742,-76.944721,38.988178,2,14,14,15,5,16,2,5,21,672,53414569,45,28,10653,29868,40521,120
182281,University of Nevada-Las Vegas,gasb,760258000,8263,53,837,13,43,4,2604065,23302129,2857004,9971131,967170,4505 S Maryland Pky,Las Vegas,NV,89154,-115.138462,36.106047,8,17,14,9,4,15,2,5,12,283,18781340,81,52,5192,25279,30471,88
131520,Howard University,fasb,570336000,74190,43,836,1,46,5,2219573,7757980,50000,3555482,240762,2400 Sixth St NW,Washington,DC,20059-0001,-77.018966,38.922392,2,13,14,12,5,14,2,3,11,147,10895348,41,30,3038,6354,9392,48
139959,University of Georgia,gasb,1489587510,32976,20,830,8,35,15,6520678,32065638,2366357,11364689,980933,Administration Building,Athens,GA,30602,-83.374039,33.956262,5,14,14,15,4,16,2,5,12,503,21902275,54,45,8758,28848,37606,95
145725,Illinois Institute of Technology,fasb,256319000,37032,61,827,15,44,4,1891594,5552418,822795,2453989,103868,10 West 35th Street,Chicago,IL,60616,-87.627321,41.8313,3,17,15,15,6,14,2,3,11,83,4282518,54,19,4264,2900,7164,19
172699,Western Michigan University,gasb,498463521,21212,17,827,13,28,3,2532191,15923881,1980951,4527601,1061386,1903 W Michigan Ave,Kalamazoo,MI,49008-5200,-85.613759,42.282194,3,17,15,13,4,16,2,5,13,223,11648444,82,27,4933,17936,22869,32
207500,University of Oklahoma-Norman Campus,gasb,879848000,2566,19,819,14,34,3,9501370,20400124,2855444,6898654,1491784,660 Parrington Oval,Norman,OK,73019-3072,-97.444211,35.209407,6,14,15,15,4,16,2,5,22,401,18150188,74,39,6495,22032,28527,63
182290,University of Nevada-Reno,gasb,625073327,16901,40,815,11,43,3,2399504,15806192,1741747,6801133,137044,North Virginia Street,Reno,NV,89557,-119.815377,39.543642,8,14,14,13,4,15,2,5,12,29,1958482,88,43,3309,18348,21657,29
155399,Kansas State University,gasb,710642553,27035,53,804,9,44,4,3575180,16031241,1405613,7085845,470356,919 Mid-Campus Drive  Anderson Hall,Manhattan,KS,66506,-96.581077,39.188648,4,17,14,15,4,15,2,5,13,231,10596985,94,42,4307,18488,22795,73
171100,Michigan State University,gasb,2524672090,72908,36,804,10,38,2,7951956,36466669,3759371,13867680,2575111,,East Lansing,MI,48824-1046,-84.476111,42.73212,3,14,14,14,4,16,2,5,13,823,56019688,72,32,11023,38996,50019,157
126614,University of Colorado Boulder,gasb,1432684570,,51,801,13,37,4,5286799,26119439,3328194,9754207,339312,Regent Drive at Broadway,Boulder,CO,80309-0017,-105.270823,40.008781,7,11,15,14,4,16,2,5,12,327,18419072,80,23,6282,29056,35338,83
172644,Wayne State University,gasb,852160000,15718,40,791,9,41,4,3212161,19961825,1732028,8236376,1421720,656 West Kirby Street,Detroit,MI,48202,-83.068998,42.358994,3,14,14,9,5,15,2,5,11,280,16715277,67,26,9767,17297,27064,57
243780,Purdue University-Main Campus,gasb,1767061392,55697,78,785,13,30,0,3624179,32924668,4058510,9845111,2084696,Hovde Hall of Administration,West Lafayette,IN,47907-2040,-86.914435,40.428206,3,17,14,14,4,16,2,5,13,345,20907263,57,27,10567,32132,42699,31
110671,University of California-Riverside,gasb,934034000,7490,6,784,6,44,3,6356910,18008678,1044378,7923162,174261,900 University Ave,Riverside,CA,92521,-117.32741,33.97246,8,11,15,15,4,16,2,5,11,366,22607348,56,19,3206,20073,23279,62
171128,Michigan Technological University,gasb,238504890,17355,57,782,3,27,0,539752,5195226,115362,1387751,185024,1400 Townsend Drive,Houghton,MI,49931-1295,-88.548092,47.11866,3,19,17,14,4,13,2,3,33,56,2964864,74,32,1402,5890,7292,12
110705,University of California-Santa Barbara,gasb,998432000,8389,6,782,19,52,1,3994775,19953338,3790176,10368933,2501345,5221 Cheadle Hall,Santa Barbara,CA,93106,-119.846426,34.416297,8,8,15,15,4,16,2,5,22,359,23030305,33,17,2871,22186,25057,49
134130,University of Florida,gasb,3082681000,35239,44,776,10,41,8,7794590,38026413,3951816,15772311,1620990,Tigert Hall,Gainesville,FL,32611,-82.347911,29.64629,5,14,14,15,5,15,2,5,12,782,41516193,42,47,17422,35247,52669,196
110653,University of California-Irvine,gasb,1936532000,12220,6,773,8,40,3,3988659,28592378,2417547,11556743,78530,501 Aldrich Hall,Irvine,CA,92697,-117.841248,33.648434,8,11,14,15,4,16,2,5,11,378,23567631,37,21,5935,29307,35242,54
183044,University of New Hampshire-Main Campus,gasb,486860127,24544,75,771,5,35,4,2447063,12750711,666096,4508356,609392,105 Main St.  Thompson Hall,Durham,NH,03824-3547,-70.932465,43.135934,1,14,15,14,4,17,2,4,23,230,14204013,77,20,2358,13005,15363,51
168421,Worcester Polytechnic Institute,fasb,254244000,84810,65,770,7,29,0,1287245,4716474,330100,1350240,580841,100 Institute Road,Worcester,MA,01609-2280,-71.808339,42.274853,1,17,17,14,4,14,2,3,12,24,1628666,48,22,2207,4435,6642,14
232186,George Mason University,gasb,754503941,2818,39,766,6,37,4,3508067,23100472,1265324,8538644,1945230,4400 University Dr,Fairfax,VA,22030-4444,-77.307428,38.829976,5,14,15,15,5,16,2,5,21,299,16326086,81,23,10974,25010,35984,101
181464,University of Nebraska-Lincoln,gasb,884524404,44340,72,762,9,44,7,3033638,17543752,1572971,7726880,810890,14th and R St,Lincoln,NE,68588,-96.700508,40.817598,4,17,15,14,4,16,2,5,11,338,12318536,64,51,5125,20954,26079,109
151111,Indiana University-Purdue University-Indianapolis,gasb,1319418527,41735,68,756,6,32,4,2875744,21343744,1295455,6822260,421370,425 University Blvd,Indianapolis,IN,46202-5143,-86.172217,39.772948,3,17,17,9,4,15,2,5,11,48,2666359,80,46,8181,21610,29791,48
196079,Binghamton University,gasb,470443076,6472,-18,750,6,40,4,3018920,12825942,661974,5072238,265007,4400 Vestal Parkway East,Vestal,NY,13850-6000,-75.966889,42.087868,2,11,15,15,4,17,2,4,22,72,4295851,40,20,3614,13737,17351,29
163268,University of Maryland-Baltimore County,gasb,393762329,9250,61,748,6,42,0,948195,8507086,439168,3540785,59821,1000 Hilltop Circle,Baltimore,MD,21250,-76.711607,39.256686,2,7,17,15,4,16,2,4,21,43,2519302,60,26,2428,11234,13662,40
142285,University of Idaho,gasb,384302678,28504,51,748,4,33,5,2786831,7369073,293483,2400479,192338,875 Perimeter Drive MS 2282,Moscow,ID,83844-2282,-117.014167,46.727406,7,14,17,13,4,12,2,4,32,165,7237558,73,30,2187,9885,12072,48
218663,University of South Carolina-Columbia,gasb,991496909,18178,-4,742,14,35,6,7502207,26167482,3769929,9240332,207849,Columbia-Campus,Columbia,SC,29208,-81.026935,33.996788,5,17,14,15,4,16,2,5,12,196,10059416,72,31,8369,26362,34731,96
178402,University of Missouri-Kansas City,gasb,331245309,12721,59,739,11,46,2,4275681,8783576,932881,4059534,572103,5100 Rockhill Rd.,Kansas City,MO,64110,-94.582141,39.034179,4,14,18,15,5,16,2,4,11,67,3428618,64,38,5000,11372,16372,38
212106,Duquesne University,fasb,287251000,39629,67,735,8,38,1,1044429,6869856,580352,2606853,234534,Administration Bldg 600 Forbes Ave,Pittsburgh,PA,15282,-79.993123,40.43589,2,16,18,14,5,14,2,3,11,78,4663979,72,30,3248,5942,9190,27
199148,University of North Carolina at Greensboro,gasb,432394476,16085,32,735,13,41,4,2996358,13345076,1684738,5439534,335505,1400 Spring Garden St,Greensboro,NC,27402-6170,-79.809414,36.068236,5,14,15,13,4,16,2,4,11,265,13654407,78,42,3483,16439,19922,43
202480,University of Dayton,fasb,473058000,54174,65,732,7,38,2,2128445,7662569,535471,2874721,147353,300 College Park,Dayton,OH,45469,-84.176113,39.739547,3,16,17,14,4,17,2,4,12,53,2446524,72,19,2383,8499,10882,27
186380,Rutgers University-New Brunswick,gasb,2653504000,20853,34,732,8,42,9,3179694,35613701,2759628,14905254,3011207,83 Somerset St,New Brunswick,NJ,08901-1281,-74.446251,40.498769,2,14,14,15,4,16,2,5,13,516,34890847,58,28,13936,35641,49577,147
190576,CUNY Graduate School and University Center,gasb,327635637,17547,-123,729,2,61,0,1363228,2891771,45560,1750013,276540,365 Fifth Ave,New York,NY,10016,-73.983822,40.748612,2,10,15,5,6,12,2,3,11,67,5114198,,,5608,2066,7674,18
153603,Iowa State University,gasb,1036871387,30403,61,719,9,31,3,8135281,24069055,2101077,7343819,732443,1750 Beardshear Hall,Ames,IA,50011-2103,-93.648504,42.026212,4,17,14,13,4,16,2,5,13,1206,70102500,89,35,5587,30406,35993,92
110644,University of California-Davis,gasb,2531393000,11984,6,717,8,38,4,4014447,26481723,2054123,10143670,327578,One Shields Avenue,Davis,CA,95616-8678,-121.749567,38.539667,8,11,14,15,4,16,2,5,23,562,36744625,43,19,7314,30066,37380,60
196088,University at Buffalo,gasb,1066803143,24403,-37,710,8,44,9,3409868,21107081,1641713,9257510,590248,12 Capen Hall,Buffalo,NY,14260-1660,-78.789458,43.000942,2,11,14,15,5,16,2,5,21,152,9497926,57,26,9628,21020,30648,46
167987,University of Massachusetts-Dartmouth,gasb,207454000,7372,43,704,7,48,0,443309,5240781,345718,2519879,64234,285 Old Westport Rd,North Dartmouth,MA,02747-2300,-71.004552,41.62869,1,13,17,13,4,14,2,3,22,33,2531474,84,20,1643,6763,8406,19
216339,Temple University,fasb,1399311000,18641,58,696,11,37,5,4321261,25533489,2722412,9467325,2069216,1801 North Broad Street,Philadelphia,PA,19122-6096,-75.156859,39.980546,2,17,14,15,4,15,2,5,11,273,9369560,57,25,10387,29550,39937,83
106397,University of Arkansas,gasb,853801648,47467,52,696,9,39,4,2195697,17392394,1538204,6848552,1377916,Administration Bldg 425,Fayetteville,AR,72701,-94.176981,36.070009,5,17,15,15,4,16,2,5,13,511,25374224,66,35,4514,23044,27558,40
229115,Texas Tech University,gasb,837942535,21522,88,693,8,35,2,5928374,23617022,1871737,8185742,910198,Broadway and University Avenue,Lubbock,TX,79409-5005,-101.874783,33.583448,6,14,15,15,4,16,2,5,11,68,2863868,69,34,6259,30737,36996,25
225511,University of Houston,gasb,1087368643,21959,53,683,12,31,4,2543782,26208835,3125277,8020760,80284,212 E. Cullen Building,Houston,TX,77204-2018,-95.343537,29.720393,6,14,15,9,4,15,2,5,11,149,7775849,61,39,8149,37215,45364,82
166629,University of Massachusetts-Amherst,gasb,1040035291,11333,53,681,13,44,2,4019906,20232113,2653950,8993771,2577936,374 Whitmore Building 181 Presidents Drive,Amherst,MA,1003,-72.526728,42.385999,1,11,15,15,4,17,2,5,21,378,25188132,58,20,6952,23388,30340,83
217882,Clemson University,gasb,881064427,31204,10,681,9,27,4,1611607,16192600,1415492,4391236,1537092,201 Sikes Hall,Clemson,SC,29634,-82.835114,34.679381,5,17,15,15,4,16,2,5,21,353,16417155,47,29,4985,19402,24387,74
178396,University of Missouri-Columbia,gasb,1005806323,36268,72,678,6,31,8,3678294,18739710,1001742,5740775,842153,105 Jesse Hall,Columbia,MO,65211-1050,-92.328843,38.94531,4,17,14,14,4,15,2,5,12,329,18013433,78,32,7045,23799,30844,53
126818,Colorado State University-Fort Collins,gasb,1147394682,12753,6,677,11,42,1,2436697,19699537,2157375,8283348,160850,102 Administration Building,Fort Collins,CO,80523-0100,-105.080732,40.574805,7,14,14,15,4,16,2,5,12,840,51959204,83,27,7560,25523,33083,28
217484,University of Rhode Island,gasb,479193986,9985,46,674,8,36,2,2099258,11215450,837277,3997073,124331,Green Hall  35 Campus Avenue,Kingston,RI,2881,-71.527356,41.484691,1,13,15,12,4,16,2,4,21,277,18220709,70,21,2982,15107,18089,26
193654,The New School,fasb,384554000,41091,45,669,17,40,3,1631002,6381522,1050768,2543579,1275619,66 West 12th Street,New York,NY,10011-8871,-73.997114,40.735508,2,17,16,15,5,13,2,4,11,60,3454404,62,29,3264,7125,10389,13
200280,University of North Dakota,gasb,432338291,22156,75,668,4,37,5,1646288,8490604,324787,3175035,58067,264 Centennial Drive  Stop 8193,Grand Forks,ND,58202-8193,-97.071738,47.921654,4,17,14,13,4,16,2,4,13,78,3791937,83,44,3406,11000,14406,54
176017,University of Mississippi,gasb,847439738,28505,25,666,6,27,2,2674878,16667700,916601,4482076,40463,Oxford  Mississippi,University,MS,38677-1848,-89.537434,34.365529,5,16,14,13,4,16,2,5,33,131,6581796,84,25,4399,18737,23136,39
167358,Northeastern University,fasb,1112408656,34253,60,657,5,35,1,1871337,16263739,853702,5727231,1842329,360 Huntington Ave,Boston,MA,02115-5005,-71.088782,42.339992,1,14,15,14,5,16,2,5,11,461,29992944,27,21,7664,13825,21489,48
227216,University of North Texas,gasb,1112608907,5521,75,650,10,41,3,3981878,21378091,2092448,8856479,2176864,1501 W.Chestnut Ave.,Denton,TX,76203-1277,-97.148422,33.211178,6,14,15,9,4,15,2,5,12,258,11718521,72,37,6828,31448,38276,99
233921,Virginia Polytechnic Institute and State University,gasb,1264147935,32661,48,649,16,41,6,3075576,24015933,3867600,9919048,5556601,210 Burruss Hall  800 Drillfield Dr.,Blacksburg,VA,24061-0131,-80.423675,37.229012,5,17,14,14,4,16,2,5,13,159,8775888,70,36,7247,27193,34440,32
206604,Wright State University-Main Campus,gasb,330031197,10666,12,645,8,33,1,1411969,7569092,567249,2477575,248050,3640 Colonel Glenn Highway,Dayton,OH,45435-0001,-84.064881,39.780634,3,14,17,13,4,15,2,4,21,70,3821202,97,40,3842,12115,15957,39
126775,Colorado School of Mines,gasb,252325677,42421,-20,639,8,33,0,1991457,3890155,290051,1292900,224720,1500 Illinois St,Golden,CO,80401,-105.223364,39.751443,7,20,17,14,4,13,2,3,21,64,3738962,56,19,1421,4788,6209,15
196103,SUNY College of Environmental Science and Forestry,gasb,87513648,18533,-80,637,5,42,0,672126,1293825,56329,545270,23327,One Forestry Dr.,Syracuse,NY,13210,-76.138724,43.034765,2,13,17,15,4,10,2,2,12,10,582507,52,35,422,1791,2213,5
133650,Florida Agricultural and Mechanical University,gasb,244373546,9111,65,634,2,39,5,2135383,6090264,138000,2348392,237212,1500 S Martin Luther King Jr Blvd,Tallahassee,FL,32307,-84.290226,30.428504,5,16,18,11,4,13,2,3,12,126,4896175,46,45,1889,8024,9913,43
100751,The University of Alabama,gasb,1094684351,23241,48,631,16,32,6,5127285,22962637,3395563,7357067,535864,739 University Blvd,Tuscaloosa,AL,35487-0166,-87.545978,33.211875,5,17,15,14,4,16,2,5,13,186,8611242,53,36,5258,33305,38563,71
139755,Georgia Institute of Technology-Main Campus,gasb,1630960190,74966,35,631,5,34,1,4190601,17614849,897478,5974587,1313763,225 North Ave,Atlanta,GA,30332-0530,-84.394832,33.77242,5,17,15,14,5,17,2,5,11,392,26357056,23,39,13803,15573,29376,33
198464,East Carolina University,gasb,655579033,7433,0,630,6,41,2,2358035,17021079,922360,6912727,230134,East 5th Street,Greenville,NC,27858-4353,-77.368291,35.607186,5,17,14,13,4,16,2,5,13,240,13423031,79,35,5866,23265,29131,8
110714,University of California-Santa Cruz,gasb,811237000,5219,6,628,13,41,0,3263943,12500022,1641153,5178192,715510,1156 High St,Santa Cruz,CA,95064-1011,-122.058801,36.995584,8,8,15,15,3,17,2,4,13,333,19648933,51,15,1880,17577,19457,39
111948,Chapman University,fasb,363516447,42332,69,624,5,41,0,863404,5812567,273991,2381304,63087,One University Dr.,Orange,CA,92866,-117.851481,33.793678,8,13,18,15,4,13,2,3,12,133,7805959,57,22,2372,7020,9392,44
201885,University of Cincinnati-Main Campus,gasb,1124203143,39991,37,622,10,40,10,4881950,21220479,2099739,8476085,2559390,2624 Clifton Avenue,Cincinnati,OH,45221-0063,-84.51428,39.131159,3,17,14,15,5,15,2,5,11,95,5702099,76,33,10596,26559,37155,39
199999,Winston-Salem State University,gasb,132030997,6714,4,620,6,40,0,1247184,3013925,179544,1195229,557833,601 Martin Luther King Jr Dr,Winston-Salem,NC,27110-0001,-80.225033,36.089554,5,16,8,11,3,14,2,3,12,51,2481729,67,33,410,4688,5098,14
221838,Tennessee State University,gasb,172747051,8171,71,617,3,38,1,509992,4612389,127000,1730781,21470,3500 John A. Merritt Blvd,Nashville,TN,37209-1561,-86.82937,36.16899,5,16,18,11,4,13,2,3,11,18,1081244,,,1672,6505,8177,0
142276,Idaho State University,gasb,237722469,5795,70,616,4,31,0,1029266,6123453,266474,1901704,112095,921 S 8th Ave,Pocatello,ID,83209,-112.432312,42.863832,7,16,18,6,4,15,2,4,13,44,2004746,,,1936,10557,12493,26
196097,Stony Brook University,gasb,1150099056,9757,-45,616,3,39,7,1781157,15475206,342597,5965672,65842,310 Administration Building,Stony Brook,NY,11794,-73.12046,40.91476,2,11,14,15,5,17,2,5,21,185,13540514,42,21,8625,17364,25989,58
176080,Mississippi State University,gasb,647024162,23993,34,606,21,43,6,2337033,12786561,2658418,5435652,978955,Lee Boulevard,Mississippi State,MS,39762,-88.790139,33.454852,5,17,14,13,4,16,2,5,33,493,24682431,62,39,3571,18312,21883,26
180461,Montana State University,gasb,442664672,10719,48,592,4,32,0,2763725,9008281,344236,2893495,74791,Montana State University,Bozeman,MT,59717,-111.048812,45.666726,7,17,17,15,3,16,2,4,33,166,9060396,83,24,1961,14652,16613,35
144740,DePaul University,fasb,542441000,29101,64,585,7,35,2,1401512,11922199,812681,4193337,405310,1 E Jackson Blvd,Chicago,IL,60604,-87.62724,41.877618,3,14,15,15,5,15,2,5,11,228,14188606,72,16,7953,14816,22769,35
228459,Texas State University,gasb,633118442,6197,83,582,13,36,2,3116261,19251073,2522366,6942958,1166459,601 University Dr,San Marcos,TX,78666,-97.943029,29.888885,6,14,18,13,4,15,2,5,23,82,5270714,73,33,4486,34180,38666,43
100663,University of Alabama at Birmingham,gasb,1314092979,27250,33,581,9,31,1,1735916,11183417,942187,3469006,144308,Administration Bldg Suite 1070,Birmingham,AL,35294-0110,-86.799345,33.505697,5,14,17,9,5,15,2,5,12,150,8465319,92,33,7768,13134,20902,31
188030,New Mexico State University-Main Campus,gasb,384516525,3504,-11,578,7,38,0,1490453,7061567,486857,2704695,71646,2850 Weddell Street,Las Cruces,NM,88003-8001,-106.752069,32.281568,6,17,15,11,4,15,2,4,22,39,1661609,64,39,2719,11713,14432,2
209542,Oregon State University,gasb,1013429030,24666,42,574,8,34,2,2198612,15738620,1261878,5303214,3162001,1500 SW Jefferson Avenue,Corvallis,OR,97331,-123.274723,44.56395,8,17,14,9,4,15,2,5,13,418,22951605,79,33,5058,25838,30896,61
100858,Auburn University,gasb,1001708038,26893,35,571,9,31,2,3472799,16378766,1406607,5039856,386504,,Auburn,AL,36849,-85.488258,32.599378,5,17,14,15,4,15,2,5,13,116,6974586,84,32,5812,23964,29776,64
204024,Miami University-Oxford,gasb,541415018,27598,51,568,6,41,3,2598763,10998667,692201,4503037,1287582,501 East High St,Oxford,OH,45056,-84.732954,39.507757,3,13,15,14,3,16,2,4,31,123,6889906,68,19,2553,17147,19700,39
134097,Florida State University,gasb,1136393858,17073,69,567,4,39,8,4397994,22609875,842909,8803666,449099,222 S. Copeland Street,Tallahassee,FL,32306-1037,-84.291921,30.440756,5,14,14,15,4,15,2,5,12,563,29612853,49,38,8354,33008,41362,110
163453,Morgan State University,gasb,217562426,4966,76,566,34,34,0,379399,4146520,1411067,1396254,17056,1700 East Cold Spring Lane,Baltimore,MD,21251-0001,-76.585565,39.344161,2,16,18,11,4,13,2,3,11,16,940111,64,26,1307,6440,7747,12
186584,Seton Hall University,fasb,285598000,28712,63,566,6,43,2,2462339,5084764,318635,2187773,386118,400 S Orange Ave,South Orange,NJ,07079-2697,-74.246027,40.742336,2,13,18,14,5,13,2,3,21,137,8243471,73,12,3832,5969,9801,44
212054,Drexel University,fasb,1029783000,35651,61,563,6,35,4,1035002,12312945,670528,4336075,1297762,3141 Chestnut St,Philadelphia,PA,19104,-75.190051,39.955217,2,20,14,15,5,16,2,5,11,152,8455755,79,15,8656,15534,24190,54
147703,Northern Illinois University,gasb,557016439,5535,29,560,2,47,3,3522672,8672210,177427,4052150,767372,1425 W. Lincoln Hwy.,Dekalb,IL,60115-2828,-88.766428,41.933869,3,14,15,13,4,16,2,4,23,285,13811170,53,24,4588,13457,18045,66
445188,University of California-Merced,gasb,582178000,1480,6,558,12,54,0,2004304,4492828,535220,2414377,528185,5200 North Lake Road,Merced,CA,95343-5603,-120.424944,37.366237,8,10,17,12,3,13,2,3,41,146,8495600,70,15,592,7375,7967,14
200332,North Dakota State University-Main Campus,gasb,371769459,43,66,542,7,28,4,928272,6501142,467878,1807261,51798,1301  12th Avenue North,Fargo,ND,58108-6050,-96.800838,46.893127,4,17,15,13,4,16,2,4,12,101,5026221,92,45,2374,11984,14358,23
145600,University of Illinois at Chicago,gasb,2547264117,10266,36,539,14,45,4,3675951,16766020,2282641,7577887,4344622,601 S Morgan,Chicago,IL,60607,-87.650503,41.871837,3,14,14,15,5,15,2,5,11,127,7687501,77,28,11091,19448,30539,75
238032,West Virginia University,gasb,935419171,22461,47,536,7,37,5,2524053,15396298,1147324,5666948,958459,PO Box 6201,Morgantown,WV,26506,-79.954391,39.634371,5,14,14,12,4,15,2,5,13,81,4310532,72,35,5905,22504,28409,53
161457,University of New England,fasb,190875649,5160,61,533,9,29,1,1468365,3887275,338988,1118888,371770,11 Hills Beach Rd,Biddeford,ME,04005-9599,-70.38535,43.458591,1,13,8,12,6,14,2,3,22,173,9076825,81,16,3858,4423,8281,18
100654,Alabama A & M University,gasb,138305413,,-12,531,3,36,0,730163,2999154,93465,1091789,156344,4900 Meridian Street,Normal,AL,35762,-86.568502,34.783368,5,16,18,10,4,13,2,3,12,7,268727,90,17,963,5038,6001,7
178420,University of Missouri-St Louis,gasb,223026819,8943,70,524,18,32,1,1785335,5057809,911143,1642784,27101,One University Boulevard,Saint Louis,MO,63121-4400,-90.311091,38.710312,4,14,18,9,4,15,2,4,21,24,1283038,76,32,2928,13787,16715,16
163338,University of Maryland Eastern Shore,gasb,84423210,8380,76,522,0,57,0,163558,1799997,6420,1031288,31358,J.T. Williams Hall,Princess Anne,MD,21853-1299,-75.686852,38.207386,2,16,18,11,4,14,2,2,31,11,520375,39,19,629,2861,3490,11
133881,Florida Institute of Technology,fasb,153475619,14781,63,522,5,31,1,932778,3520811,151330,1082092,240121,150 West University Boulevard,Melbourne,FL,32901-6975,-80.622893,28.065815,5,17,17,15,5,13,2,3,13,71,3141009,63,13,2766,3613,6379,14
199139,University of North Carolina at Charlotte,gasb,613546937,7744,28,522,12,39,1,2533815,13579870,1606267,5247874,674990,9201 University City Blvd,Charlotte,NC,28223-0001,-80.730919,35.306022,5,14,17,13,4,15,2,5,11,179,11696532,66,31,5403,23914,29317,28
171571,Oakland University,gasb,326328337,5910,52,521,6,35,0,1593533,8964898,511964,3135446,379154,2200 North Squirrel Road,Rochester Hills,MI,48309-4401,-83.216418,42.674573,3,13,18,9,4,15,2,4,21,187,11453499,84,28,3432,15901,19333,31
102094,University of South Alabama,gasb,402077000,10514,3,521,1,37,2,783401,7576938,86738,2811360,423337,307 N University Blvd,Mobile,AL,36688-0002,-88.178711,30.696033,5,16,17,13,5,16,2,4,12,186,7822441,82,39,4581,10988,15569,41
199218,University of North Carolina Wilmington,gasb,319635564,6620,26,518,14,37,0,1251965,7961710,1080697,2950683,470007,601 South College Road,Wilmington,NC,28403-5963,-77.875527,34.225223,5,13,17,15,3,16,2,4,12,129,7238006,67,28,1985,14502,16487,21
156125,Wichita State University,gasb,304397309,22603,59,513,7,36,2,6359084,6000958,386386,2161025,199213,1845 N. Fairmount,Wichita,KS,67260-0124,-97.292361,37.718882,4,17,17,9,4,15,2,4,11,12,446881,94,31,2677,12398,15075,1
137351,University of South Florida-Main Campus,gasb,1253178698,11856,44,509,7,32,2,3016884,19068888,1292315,6077772,970695,4202 East Fowler Ave,Tampa,FL,33620-9951,-82.413232,28.061458,5,14,14,9,4,15,2,5,11,481,24993849,45,29,11768,31772,43540,77
194824,Rensselaer Polytechnic Institute,fasb,418720000,89517,35,507,15,19,1,709311,4049357,624903,753115,613526,110 8th St,Troy,NY,12180-3590,-73.676646,42.729978,2,17,17,14,4,14,2,3,13,111,5211000,43,20,1226,6366,7592,18
159391,Louisiana State University and Agricultural & Mechanical College,gasb,946414580,19842,-16,507,6,38,3,3981490,14269806,835295,5394908,546998,156 Thomas Boyd Hall,Baton Rouge,LA,70803-2750,-91.178921,30.414986,5,14,14,14,4,16,2,5,12,249,13744814,74,37,5417,25444,30861,76
224147,Texas A & M University-Corpus Christi,gasb,233148081,1783,84,504,12,35,0,936477,5315068,591281,1860661,50746,6300 Ocean Dr.,Corpus Christi,TX,78412-5503,-97.32395,27.713723,6,13,18,9,4,12,2,4,11,44,1957565,60,30,2062,10174,12236,28
229027,The University of Texas at San Antonio,gasb,544836215,6267,85,502,8,39,4,11472158,13129172,986361,5078453,1598254,One UTSA Circle,San Antonio,TX,78249-1644,-98.621386,29.582418,6,14,15,13,4,15,2,5,11,115,4869695,79,40,4324,26444,30768,74
142115,Boise State University,gasb,381474146,6545,52,501,7,33,0,741140,8522363,553591,2853315,86399,1910 University Dr,Boise,ID,83725,-116.203301,43.604284,7,14,17,9,3,15,2,5,12,293,15182055,84,37,3377,20744,24121,25
185828,New Jersey Institute of Technology,gasb,414507000,12569,33,500,4,41,1,589792,4520038,162576,1863764,29074,University Heights,Newark,NJ,7102,-74.177113,40.741997,2,17,17,15,5,12,2,4,11,80,6800000,61,25,2963,8483,11446,11
109785,Azusa Pacific University,fasb,208339721,9505,47,498,0,53,1,478948,4602738,11487,2446289,65175,901 E Alosta,Azusa,CA,91702-7000,-117.888375,34.130047,8,13,18,13,5,14,2,3,21,0,0,60,19,4255,5671,9926,0
199102,North Carolina A & T State University,gasb,282114305,5845,28,495,12,34,0,1222355,5402895,618402,1817797,184707,1601 E Market  St,Greensboro,NC,27411,-79.773375,36.07282,5,13,17,11,4,13,2,4,11,107,5637286,62,35,1536,10341,11877,12
190044,Clarkson University,fasb,113678617,50452,67,494,6,28,1,470264,1942728,123593,544638,122048,8 Clarkson Ave,Potsdam,NY,13699,-74.999359,44.662716,2,16,17,14,4,14,2,2,33,5,288626,66,15,1143,3090,4233,3
203517,Kent State University at Kent,gasb,511403900,5424,27,491,5,40,5,2703781,13210938,680010,5229375,802893,Executive Office  2nd Floor Library,Kent,OH,44242-0001,-81.342533,41.146653,3,17,15,12,4,16,2,5,21,143,6322637,88,32,5794,23178,28972,9
220862,University of Memphis,gasb,437542796,12788,65,490,7,43,3,1858908,8280609,556457,3537420,140313,Southern Avenue,Memphis,TN,38152,-89.938068,35.118878,5,14,15,9,4,15,2,5,11,352,15771255,85,23,4125,17396,21521,61
209807,Portland State University,gasb,455506187,124,43,490,6,41,0,2800914,10043614,547975,4123759,615248,724 SW Harrison,Portland,OR,97201,-122.686289,45.511601,8,11,18,9,4,15,2,5,11,111,6293328,92,31,5526,21167,26693,42
198543,Fayetteville State University,gasb,117646116,4163,14,487,6,43,0,496126,2652587,151407,1134209,66947,1200 Murchison Rd,Fayetteville,NC,28301-4298,-78.891696,35.073641,5,13,12,7,3,13,2,3,12,76,3674138,68,26,833,5393,6226,10
204857,Ohio University-Main Campus,gasb,626674178,20398,35,483,8,38,8,3436482,14182590,1036634,5412828,6158374,020 Chubb Hall,Athens,OH,45701-2979,-82.100985,39.326798,3,17,14,9,4,16,2,5,32,177,11603723,74,21,6202,23167,29369,52
236939,Washington State University,gasb,985404868,35328,49,479,6,44,6,2550544,13899567,759210,6150778,965789,French Administration Building,Pullman,WA,99164-5910,-117.158168,46.730448,8,14,14,13,4,16,2,5,32,389,19711469,73,28,5337,25277,30614,78
232982,Old Dominion University,gasb,390143470,11987,45,479,5,37,2,3042932,9519774,504315,3507654,291641,5115 Hampton Blvd,Norfolk,VA,23529,-76.30666,36.886418,5,13,18,9,4,15,2,5,12,151,8576444,86,31,4835,19540,24375,29
169248,Central Michigan University,gasb,410003759,9024,61,468,5,40,0,1682434,9434176,429821,3789224,744551,106 Warriner Hall,Mount Pleasant,MI,48859,-84.77525,43.591203,3,16,18,13,4,16,2,5,32,91,4600829,68,24,5453,17804,23257,36
104151,Arizona State University-Tempe,gasb,1861647480,11089,31,466,11,38,8,5645245,30266499,3191801,11528491,2892108,University Drive and Mill Avenue,Tempe,AZ,85287,-111.934383,33.417721,6,14,15,15,4,15,2,5,12,267,14615524,84,39,8737,42427,51164,106
122409,San Diego State University,gasb,699258835,9551,-64,463,12,40,1,2695919,14826732,1813740,5996627,130500,5500 Campanile Dr,San Diego,CA,92182,-117.071228,32.77525,8,14,18,15,4,15,2,5,11,85,5638656,35,25,4886,30249,35135,50
181394,University of Nebraska at Omaha,gasb,237336555,6817,71,462,22,36,1,1924377,6023583,1292597,2149550,533490,6001 Dodge St,Omaha,NE,68182-0225,-96.008516,41.258769,4,13,18,9,4,15,2,4,11,58,2856117,87,27,3107,12624,15731,18
145813,Illinois State University,gasb,576457459,6761,69,461,10,46,0,1698340,8775259,837577,4004942,175815,North and School Streets,Normal,IL,61790-1000,-88.990058,40.509403,3,17,18,15,3,16,2,5,22,506,25756730,89,32,2454,18330,20784,36
219471,University of South Dakota,gasb,200394171,30682,71,459,2,39,1,888327,3644414,79621,1433799,75414,414 E Clark St,Vermillion,SD,57069-2390,-96.925283,42.786019,4,17,14,9,4,13,2,4,32,46,1882488,87,40,2613,7648,10261,16
169798,Eastern Michigan University,gasb,311232077,4728,15,455,5,41,0,1049038,7343113,310347,2976512,463728,401 Pierce Hall,Ypsilanti,MI,48197,-83.622501,42.24694,3,17,18,9,4,16,2,5,21,61,3796798,45,39,3308,17217,20525,7
176372,University of Southern Mississippi,gasb,309877265,8040,40,451,6,41,3,1664335,6191435,387933,2540291,237813,118 College Drive # 0001,Hattiesburg,MS,39406-0001,-89.331236,31.32661,5,17,15,13,4,16,2,4,13,82,2991841,98,30,2663,11815,14478,55
230728,Utah State University,gasb,738120224,16780,75,445,5,40,1,2226559,10006906,509447,4007230,533172,Old Main Hill,Logan,UT,84322-1400,-111.81391,41.740748,7,14,14,9,3,15,2,5,13,124,5938565,89,31,3061,24618,27679,62
201441,Bowling Green State University-Main Campus,gasb,294870081,9445,35,443,6,55,0,1509642,7229631,418902,3954415,314188,220 McFall Ctr,Bowling Green,OH,43403,-83.640896,41.375513,3,16,15,12,4,16,2,4,31,138,7297385,73,29,2677,14680,17357,28
206084,University of Toledo,gasb,488105739,16445,3,437,5,39,3,1104493,8152505,378171,3184542,412561,2801 W Bancroft,Toledo,OH,43606-3390,-83.614714,41.660572,3,17,14,13,4,15,2,5,11,154,8659130,94,31,4321,16194,20515,29
184782,Rowan University,gasb,546536935,12301,8,434,0,38,2,1167077,7315442,0,2777292,617530,201 Mullica Hill Road,Glassboro,NJ,8028,-75.119119,39.709108,2,13,18,15,4,16,2,4,21,29,2317699,69,25,3083,15401,18484,26
144281,Columbia College Chicago,fasb,168564735,28818,75,428,9,55,0,1642380,2926337,269650,1612686,43961,600 South Michigan,Chicago,IL,60605-1996,-87.624667,41.874261,3,16,8,13,3,13,2,3,11,81,4579573,92,19,285,7027,7312,29
228705,Texas A & M University-Kingsville,gasb,160878741,3676,86,427,7,45,0,1318707,3021289,201967,1347085,101142,955 University Blvd,Kingsville,TX,78363,-97.882387,27.525168,6,14,18,7,4,13,2,3,32,30,1296830,84,19,1889,6785,8674,12
133951,Florida International University,gasb,945848154,5301,51,419,3,38,4,2319963,19843730,575645,7625152,646827,11200 S. W. 8 Street,Miami,FL,33199,-80.373928,25.75732,5,14,14,9,4,15,2,5,21,297,13932289,54,41,9089,47629,56718,125
220075,East Tennessee State University,gasb,376210468,9479,51,418,9,39,1,879612,5416025,507342,2087739,139919,1276 Gilbreath Drive,Johnson City,TN,37614,-82.366954,36.301643,5,17,18,13,4,15,2,4,13,29,1083804,85,29,3030,11323,14353,4
195003,Rochester Institute of Technology,fasb,598632000,68554,73,417,6,47,0,873630,5707000,330097,2710543,876115,1 Lomb Memorial Dr,Rochester,NY,14623-5603,-77.67386,43.084188,2,16,17,14,4,17,2,4,21,106,5908452,57,24,3069,13515,16584,25
190567,CUNY City College,gasb,391291531,24050,1,409,1,55,6,2086865,5253364,56086,2912057,329425,160 Convent Ave,New York,NY,10031,-73.948542,40.819846,2,11,13,9,3,15,2,4,11,67,5406061,46,17,2791,13210,16001,21
237525,Marshall University,gasb,256208952,10877,68,403,4,51,3,1253268,4791624,179100,2439028,1613011,1 John Marshall Dr,Huntington,WV,25755,-82.428964,38.422482,5,14,17,13,4,15,2,4,13,79,4003193,90,40,3757,9489,13246,28
139940,Georgia State University,gasb,728276490,5248,16,403,7,39,1,2072624,13210162,858434,5163145,307666,33 gilmer st,Atlanta,GA,30303-3083,-84.38667,33.7527,5,14,15,9,4,15,2,5,11,548,28055390,70,42,7046,25770,32816,57
178411,Missouri University of Science and Technology,gasb,215731224,25939,76,402,5,31,0,936649,2958314,149507,918556,270731,1201 N. State St.,Rolla,MO,65409,-91.775583,37.953426,4,17,17,15,4,13,2,3,33,16,916722,84,44,1964,6919,8883,7
219356,South Dakota State University,gasb,309981950,11039,69,401,10,39,0,869423,4251423,404078,1678202,14716,1015 Campanile Avenue,Brookings,SD,57007-1898,-96.782139,44.317485,4,16,17,12,3,16,2,4,33,54,2635127,91,45,1631,10885,12516,25
106245,University of Arkansas at Little Rock,gasb,175085196,9525,56,399,14,34,1,537327,3385565,461466,1162274,45879,2801 S University Ave,Little Rock,AR,72204,-92.339778,34.723254,5,13,17,5,4,12,2,4,12,101,4421357,75,47,2831,8793,11624,20
232265,Hampton University,fasb,165444448,60480,71,397,5,38,3,493173,1875372,85552,719475,14654,100 E. Queen Street,Hampton,VA,23668-0099,-76.339161,37.019944,5,13,17,12,4,14,2,2,12,109,2658050,36,23,826,3792,4618,21
150136,Ball State University,gasb,455176821,9668,61,394,8,63,2,1647879,8732925,720641,5512587,153579,2000 University Ave,Muncie,IN,47306,-85.409043,40.203431,3,16,15,12,4,16,2,5,13,195,10881174,62,27,5509,17004,22513,50
159939,University of New Orleans,gasb,151850696,3493,-6,394,11,38,0,1588432,2499091,267273,939477,51197,2000 Lakeshore Drive,New Orleans,LA,70148,-90.067142,30.027704,5,14,18,9,4,12,2,3,11,63,2581949,57,45,1492,6472,7964,14
200800,University of Akron Main Campus,gasb,374517859,11843,13,392,3,51,2,2668912,6908701,208177,3515061,448011,302 Buchtel Common,Akron,OH,44325-4702,-81.511679,41.078551,3,16,15,12,4,15,2,5,12,192,10356875,93,25,3297,16872,20169,47
133669,Florida Atlantic University,gasb,526086059,11775,61,379,6,44,2,3221898,9642485,611686,4270060,293767,777 Glades Rd,Boca Raton,FL,33431-0991,-80.102978,26.372421,5,14,18,9,4,15,2,5,13,231,9244683,60,31,5178,25030,30208,33
166638,University of Massachusetts-Boston,gasb,455037000,6490,45,377,3,39,0,1208197,4937063,96374,1945335,973268,100 Morrissey Boulevard,Boston,MA,02125-3393,-71.036865,42.312881,1,13,18,9,4,15,2,4,11,85,5790318,75,24,3755,12660,16415,22
126580,University of Colorado Colorado Springs,gasb,195671597,,45,376,9,40,0,804437,4011671,340972,1616289,323588,1420 Austin Bluffs Parkway,Colorado Springs,CO,80918,-104.800296,38.892735,7,13,17,9,4,12,2,4,11,219,12484336,93,22,2124,10808,12932,21
130934,Delaware State University,gasb,107437789,7350,-40,375,7,48,2,443471,1576472,106000,760847,492259,1200 N. Dupont Highway,Dover,DE,19901,-75.54053,39.187173,2,13,12,10,3,14,2,2,13,162,8109015,45,28,302,4050,4352,12
106458,Arkansas State University-Main Campus,gasb,187510920,5931,53,374,10,26,0,1191221,4791594,431563,1257856,123676,2105 E. Aggie Road,Jonesboro,AR,72401,-90.679988,35.842388,5,16,18,13,4,13,2,4,13,58,1693046,66,38,4326,9604,13930,32
100706,University of Alabama in Huntsville,gasb,223933000,10194,19,370,6,41,0,745127,2883216,171614,1179465,20383,301 Sparkman Dr,Huntsville,AL,35899,-86.640449,34.724557,5,17,17,9,4,12,2,3,12,15,678889,81,37,2011,7090,9101,11
227368,The University of Texas Rio Grande Valley,gasb,553048436,2487,85,367,13,33,2,1203487,9138627,1192827,3060873,211576,1201 W University Dr,Edinburg,TX,78539-2999,-98.173567,26.306759,6,14,18,7,4,15,2,5,13,91,3605375,80,53,3589,24220,27809,48
199157,North Carolina Central University,gasb,187982576,4757,10,350,12,36,4,936558,2697025,310000,976105,27694,1801 Fayetteville Street,Durham,NC,27707,-78.898602,35.974237,5,14,4,11,4,13,2,3,11,77,4078671,83,23,1742,6355,8097,18
240453,University of Wisconsin-Milwaukee,gasb,459685804,7691,67,343,7,52,0,2931218,7459287,464346,3883776,538228,2200 E Kenwood Blvd,Milwaukee,WI,53211,-87.880488,43.076848,3,14,15,13,4,15,2,5,11,52,2700884,72,44,4628,20360,24988,43
162007,Bowie State University,gasb,104870036,1858,73,340,3,48,0,151575,1814099,40000,870435,7195,14000 Jericho Park Rd,Bowie,MD,20715-9465,-76.759721,39.018185,2,16,18,11,4,13,2,3,21,10,602004,36,28,961,5187,6148,11
186867,Stevens Institute of Technology,fasb,256044000,30142,66,334,8,39,0,717691,2292917,144610,902519,274430,Castle Point On Hudson,Hoboken,NJ,07030-5991,-74.025334,40.744776,2,20,17,14,5,14,2,3,21,59,4333244,44,21,3793,3123,6916,7
202134,Cleveland State University,gasb,318880876,527,31,331,3,48,0,968360,4769426,163021,2283977,283984,2121 Euclid Avenue,Cleveland,OH,44115-2214,-81.674355,41.502281,3,14,18,9,4,15,2,4,11,98,5411099,90,29,4293,12078,16371,17
139931,Georgia Southern University,gasb,374988203,2707,9,326,6,39,1,1634564,8141302,510963,3211783,206760,Brannen Hall  Room 2015  2670 Southern Drive,Statesboro,GA,30460-8126,-81.782232,32.428808,5,16,18,15,3,16,2,5,32,159,6091332,68,56,2659,17759,20418,16
228769,The University of Texas at Arlington,gasb,743989725,3802,85,322,7,45,2,2317697,13521048,961111,6147548,5159350,701 S. Nedderman Dr.,Arlington,TX,76013,-97.11296,32.729718,6,17,15,5,4,15,2,5,11,199,6926745,71,38,13190,33307,46497,81
160621,Southern University and A & M College,gasb,117914074,1664,-50,322,5,61,0,1312017,1819396,76522,1118842,7477,3rd Floor  J.S. Clark Adm. Building  P.O. Box 9374,Baton Rouge,LA,70813,-91.190105,30.524558,5,16,18,11,4,13,2,3,12,75,3175691,45,51,969,5149,6118,16
228796,The University of Texas at El Paso,gasb,452347817,12981,85,319,7,35,1,2097199,6451671,472337,2247130,172867,500 W. University Ave,El Paso,TX,79968-0691,-106.50356,31.771697,6,17,15,7,4,15,2,5,11,63,2473790,100,38,3737,21341,25078,46
228787,The University of Texas at Dallas,gasb,759437311,21332,90,318,9,38,1,3032440,7928131,677122,3043804,7404051,800 West Campbell  Road,Richardson,TX,75080-3021,-96.749702,32.984673,6,14,15,15,5,16,2,5,12,146,6403806,76,35,9172,18470,27642,26
221847,Tennessee Technological University,gasb,177344509,7162,60,317,8,47,0,627147,2970077,240927,1392137,37784,1 William L. Jones Drive,Cookeville,TN,38505-0001,-85.503957,36.174659,5,16,17,13,3,16,2,4,33,57,2926782,64,38,1139,9365,10504,1
227526,Prairie View A & M University,gasb,273756933,9672,87,308,31,31,4,561456,2638977,807319,821285,896203,FM 1098 Road & University Drive,Prairie View,TX,77446,-95.989475,30.092425,6,16,18,11,4,13,2,3,32,26,1142755,79,41,1244,7975,9219,16
229063,Texas Southern University,gasb,236891407,6368,39,305,2,19,0,2307810,2847507,57000,531806,4514942,3100 Cleburne St,Houston,TX,77004,-95.361961,29.722468,6,16,18,11,4,12,2,4,11,115,6840368,67,23,2270,7967,10237,14
166513,University of Massachusetts-Lowell,gasb,405337000,6254,41,304,1,39,2,472997,4452485,58400,1739912,226628,1 University Ave,Lowell,MA,01854-5104,-71.326809,42.652864,1,13,17,9,4,16,2,4,21,15,1248606,69,26,4303,14012,18315,4
185590,Montclair State University,gasb,393048000,2330,23,304,7,52,0,871059,5729150,372658,2999716,114117,1 Normal Avenue,Montclair,NJ,07043-1624,-74.198141,40.860414,2,11,18,13,4,16,2,5,21,22,2082426,71,32,4161,16852,21013,19
232937,Norfolk State University,gasb,127057479,5237,51,303,18,53,0,653796,1437175,263863,765336,25977,700 Park Avenue,Norfolk,VA,23504-8000,-76.261375,36.848429,5,13,18,11,4,13,2,3,12,48,862101,90,19,616,4689,5305,3
132903,University of Central Florida,gasb,1087431338,2844,58,298,6,35,3,2053626,16919992,998794,5940510,928664,4000 Central Florida Blvd,Orlando,FL,32816,-81.200889,28.602159,5,17,14,9,4,15,2,5,21,107,5320022,50,37,9206,56853,66059,91
160658,University of Louisiana at Lafayette,gasb,315858598,10133,-7,296,7,53,3,1552713,4471295,294491,2381143,37736,104 University Circle,Lafayette,LA,70503,-92.020165,30.212191,5,16,17,13,3,15,2,4,12,57,881411,51,56,1631,15666,17297,18
159009,Grambling State University,gasb,69884652,1540,-36,285,1,51,0,414595,1342640,11378,690991,1465,403 Main Street,Grambling,LA,71245,-92.713245,32.523797,5,16,12,11,4,14,2,3,32,16,652255,43,28,1112,4079,5191,10
141060,Spelman College,fasb,134092005,175884,86,275,45,29,,,,,,,350 Spelman Lane SW,Atlanta,GA,30314-4399,-84.411527,33.745279,5,6,0,12,2,11,2,2,11,24,1413977,40,16,0,2137,2137,3
158802,Dillard University,fasb,195237818,75496,97,273,0,66,0,65648,350399,0,230805,1473,2601 Gentilly Blvd,New Orleans,LA,70122,-90.06464,29.996587,5,9,0,10,2,10,2,2,11,22,820572,41,13,0,1290,1290,1
159647,Louisiana Tech University,gasb,179399007,7131,5,248,13,34,0,1671820,2509052,316522,857441,17423,1310 West Railroad Avenue,Ruston,LA,71272,-92.649963,32.528297,5,16,18,12,4,12,2,4,32,85,5079551,65,43,1505,10809,12314,20
138716,Albany State University,gasb,112979532,438,1,243,1,54,0,1077903,1297558,12345,702799,52516,504 College Drive,Albany,GA,31705,-84.141825,31.56928,5,16,9,11,4,13,3,3,13,44,1737472,,,353,6262,6615,3
448886,Arizona State University-Downtown Phoenix,gasb,265949640,6800,31,234,11,38,,,,,,,411 N Central Ave,Phoenix,AZ,85004,-112.07347,33.452914,6,20,18,13,4,15,2,4,11,68,4287886,77,32,2563,8902,11465,14
486840,Kennesaw State University,gasb,457151494,1297,3,198,5,49,1,1514271,6170529,296164,3006009,339627,1000 Chastain Rd,Kennesaw,GA,30144,-84.583052,34.038807,5,13,18,9,3,15,2,5,21,181,7818934,61,62,2901,32945,35846,39
105330,Northern Arizona University,gasb,523816089,6108,21,193,7,58,0,1283026,5880463,437497,3428485,83387,1900 S. Knoles Dr.  Babbitt Administrative Center  Room 200,Flagstaff,AZ,86011-4092,-111.653724,35.188449,6,13,15,13,4,16,2,5,13,281,15949149,81,20,3967,27084,31051,42
140960,Savannah State University,,,,,,,,,,,,,,,,,,,,,,,,,,,,,,,,,,,,
175856,Jackson State University,gasb,158998910,5624,24,109,0,59,4,733241,851188,0,504280,2811,1400 J R Lynch Street,Jackson,MS,39217,-90.207405,32.296105,5,13,18,11,4,13,2,3,12,9,404341,72,21,2058,6500,8558,2