_id,year,inam,type,region,exch,branch,foot,title,vols,volcount,ebooks,totexp,explm,exponetime,expongoing,expcollsup,totsal,salprf,salnprf,salstud,opexp,fringedol,fringepct,expbibue,totstfx,prfstf,nprfstf,studast,totstf,grppres,sample1,presptcp,sample2,reftrans,sample3,initcirc,item,regsearches,fedsearches,illtot,ilbtot,gatecount,phdawd,phdfld,fac,totstu,totpt,gradstu,gradpt
Library number (orig instno),Year,Library name,Type,Region,Canadian exchange rate,,,Titles held June 30 - Now includes all formats,Volumes held June 30,Basis of volume count is Physical or Bibliographic (Y/N),Electronic books,Total Library Expenditures,Total Library Materials Expenditures,One-time resource purchases,"Ongoing resource purchases (e.g. subscriptions, annual license fees)",Collection support,Total Salaries and Wages (Excluding fringe benefits),Professional staff,Support staff,Student assistants,Other operating expenditures,Fringe Benefits,Official designated percent,Consortia/Networks/Bibliographic Utilities Expenditures from External Sources,Total Staff FTE,"Professional staff, FTE","Support staff, FTE","Student assistants, FTE",Total staff,Number of library presentations to groups,Is the library presentations figure based on sampling?,Number of total participants in group presentations reported in line 14,Is the total participants figure based on sampling?,Number of reference transactions,Is the reference transactions figure based on sampling?,Number of initial circulations,Number of successful full-text article requests (journals),Number of regular searches (databases),Number of federated searches (databases),Total number of filled requests provided to other libraries,Total number of filled requests received from other libraries or providers,Annual gate count,Number of Doctor's Degrees awarded in FY2014-15,Number of fields in which Doctor's Degrees can be awarded,Number of full-time instructional faculty in FY2014-15,"Full-time students, undergraduate and graduate","Part-time students, undergraduate and graduate",Full-time graduate students,Part-time graduate students
9890,2018,LIBRARY OF CONGRESS,N,5,1,1,1,158327481,39559882,1,31226,470667000,22827564,12748844,9951156,127564,224839436,,,,223000000,67451831,30,,1939,,,,,8979,0,94864,0,358679,0,958365,688974,30666751,114000000,20264,,1900000,,,,,,,
3100,2018,HARVARD,P,1,1,0,1,15464802,21273455,0,2047212,115873080,49064256,15619498,21275592,12169166,56575773,38005863,15103402,3466508,10233051,20066014,31,1966206,738,446,292,,738,2325,0,36362,0,110826,0,510266,10282160,13816697,90340,43700,73605,,1547,79,2095,20924,10215,13810,7391
1100,2018,"CALIFORNIA, LOS ANGELES",S,9,1,0,1,15436812,13047310,1,2467304,59966729,19293476,6944384,10574068,1775024,30922638,16097523,11399134,3425981,9750615,11933319,,1111166,511,174,210,127,384,1898,0,27085,0,24449,0,588405,18253511,27373649,262908,28012,27558,3278125,771,81,2281,43873,1555,13415,1011
9700,2018,YALE,P,1,1,0,1,11771933,14431600,0,1760911,96957697,42897682,26169100,15616256,1112326,41116568,23702693,16212840,1201035,12943447,17404478,31.3,,592,251,268,73,519,1885,1,23570,1,20837,1,359577,0,0,0,53655,60947,0,748,70,2405,12342,96,6608,93
2000,2018,COLUMBIA,P,2,1,0,1,10213096,14374971,1,2776902,70837125,33436481,9471655,19899231,4065595,31813984,23147115,6940902,1725967,5586660,9661005,29.75,,518,288,169,61,457,1702,1,21998,1,92737,1,257682,10490418,48960000,622618,42514,54473,4613692,1555,234,2418,30517,10206,20107,8784
5100,2018,MICHIGAN,S,3,1,0,1,9877838,15669216,1,3689586,71249875,27934438,8171244,18090563,1672631,34503244,16799018,16005710,1698516,8812193,10666147,31,9384,647,221,343,83,564,1618,0,39236,0,52478,0,524590,11491908,33000633,584701,71024,44222,4366803,1556,126,4881,43517,2485,14815,1366
900,2018,"CALIFORNIA, BERKELEY",S,9,1,0,1,9439598,12955237,0,1502169,58789073,22217728,8233069,13525794,458865,31470028,22167866,5710241,3591921,5101317,12722636,40,1006206,506,272,113,121,385,1153,0,23962,0,30134,0,278440,6636922,32766933,,24335,11712,3765955,870,92,1608,38948,2962,9597,1739
8600,2018,TORONTO,C,10,1.27,1,1,9394709,15092789,1,2476715,75322138.58,31074256.69,13721234.65,17063195.28,289826.77,35514785.83,18918168.5,13071004.72,3525612.6,8733096.06,8274220.47,24,,683,272,269,142,541,1884,0,59807,0,191936,0,519869,13470176,,,24350,8214,7523186,967,96,2636,78785,7968,17055,1496
3500,2018,"ILLINOIS, URBANA",S,3,1,0,1,9281642,15033508,0,1426053,52646302,19831535,4980071,14197569,653895,22239739,13043453,7168916,2027370,10575028,7352711,38.06,,422,184,158,80,342,1828,0,31891,0,62868,1,316273,7947179,22027261,,70058,40918,4956313,1092,92,2283,42850,5366,10237,4024
9600,2018,WISCONSIN,S,3,1,0,1,8792091,11369391,0,1849527,35453700,13895344,3537817,9786092,571435,16673346,11505183,3465092,1703071,4885010,5610697,40,561227,349,164,92,93,256,1653,0,30936,0,56974,1,202205,6681638,15441375,0,88245,89756,2311759,1480,116,3452,38598,3525,9656,2107
9950,2018,NEW YORK PUBLIC,N,2,1,0,1,8508379,11183761,1,431712,111058000,17686000,13405000,3767000,514000,56023000,,,,37349000,23812000,,,407,192,153,62,345,2237,0,107183,0,,0,,1214813,3132185,,10831,17038,4146169,,,,,,,
3600,2018,INDIANA,S,3,1,0,1,8403197,10737321,0,2361110,40135018,18234849,6393231,11212253,629365,16887116,11051202,3745699,2090215,5013053,6085383,40.23,229540,432,193,122,117,315,2023,0,23292,0,25195,0,245019,3832617,,,31111,20049,3431177,712,91,2114,38505,5203,6293,3988
5200,2018,MICHIGAN STATE,S,3,1,0,1,8366382,7669601,1,2411619,38375475,19740337,4884102,14670337,185898,14966266,7500903,6573763,891600,3668872,,30,,297,94,132,71,226,827,0,16186,0,22255,0,144526,4721859,1451193,,59339,17994,1347614,1393,105,2974,44291,6512,8887,2920
6800,2018,PRINCETON,P,2,1,0,1,8343095,10224241,0,2299157,60224261,32728697,15081693,16099444,1547560,22138828,13111454,7804602,1222772,5356736,5919754,28.2,,373,171,149,53,320,996,0,17488,0,30244,0,188645,2212712,9566066,94193,54063,58080,,396,72,959,8267,0,2946,0
2200,2018,CORNELL,P,2,1,1,1,8164857,9940375,1,1665338,54231581,20259941,,,,26231618,16726170,8508341,997107,7740022,7223097,34.9,,438,209,179,50,388,1616,0,29040,0,51038,0,190406,6405838,,,49949,47574,3598969,980,111,3489,24030,93,9132,84
1600,2018,CHICAGO,P,3,1,0,1,7797607,11906082,0,1843420,33065363,17826259,4951200,12334887,540172,12604874,5545128,6279820,779926,2634230,3231638,27.1,250000,223,67,132,24,199,431,0,7924,0,14177,0,174693,7092756,3796568,78171871,55328,42903,1375658,739,78,2213,25956,4642,7568,2442
5700,2018,NEW YORK,P,2,1,1,1,7549282,7970760,0,2921338,67381347,32397006,12733450,18910073,753483,27769457,20455851,5698564,1615042,7214884,8360831,36.5,,477,276,128,73,404,2084,0,34408,0,71399,1,188135,9484269,6941082,339168,47063,53460,2685993,641,110,4608,41071,8431,13492,7416
8400,2018,TEXAS,S,7,1,0,1,7510900,11694468,1,1486594,54691065,24381968,12253997,11512776,615195,22519937,11921043,9239824,1359070,7789160,5114491,29,,526,159,234,133,393,1623,0,36539,0,50656,0,227825,3874782,4653506,1003750,44956,29689,2958440,1284,93,2637,47980,3545,10240,793
6500,2018,PENNSYLVANIA,P,2,1,0,1,7241113,8496644,1,1918757,56174948,22327045,5364420,15932278,1030347,22294825,12467328,8858538,968959,11553078,7110540,34,,398,175,167,56,342,938,0,15822,0,,0,137649,7762377,1840682,,74491,81502,1418559,1223,69,2075,21599,3768,11099,2548
6600,2018,PENNSYLVANIA STATE,S,2,1,1,1,7240616,8647496,0,2226680,57471947,23064668,3622076,19029979,412613,27279114,15173061,11304672,801381,7128165,10767373,40.7,5463,511,224,258,29,482,2706,0,78193,0,59023,1,263074,4066776,0,0,67621,48955,6979469,903,131,6136,75694,17666,7308,7273
2400,2018,DUKE,P,5,1,0,1,6658299,8278842,0,2160952,47113006,23211152,7923040,14687719,600393,19262012,14784968,4011847,465197,4639842,5078921,27.5,800,338,219,90,29,309,1327,0,23936,0,33576,0,292556,,,,36910,33935,,1001,61,1302,15439,855,8774,828
5900,2018,NORTHWESTERN,P,3,1,1,1,6591294,7515156,0,1981962,40106398,18687658,4748235,13344380,595043,17608560,11211991,5715273,681296,3810180,4590808,27.4,,337,150,130,57,280,786,0,12644,0,14396,0,108234,6159534,6941079,0,32056,37876,1118740,455,62,3690,15923,1535,7806,1381
6100,2018,OHIO STATE,S,3,1,0,1,6452230,8762717,0,1427430,48201137,18930795,4259734,13886034,785027,18613763,11594466,5375106,1644191,10656579,6099682,35,1468824,406,151,128,127,279,1104,0,41892,0,19253,0,275767,5730647,12722887,3195625,87676,60999,4062693,1662,114,2798,58955,9069,10299,4067
700,2018,BRITISH COLUMBIA,C,10,1.27,0,1,6391164,7191341,0,2407961,34311500.79,15200998.43,2990204.72,12008597.64,202196.06,15409333.07,9030100,5363681.89,1015551.18,3701169.29,2823681.1,18,,318,138,134,46,272,1341,0,33704,0,55241,0,250036,6664692,,,17546,6740,3733496,303,107,5090,45803,17746,9460,1378
9100,2018,WASHINGTON,S,9,1,1,1,6272596,9247789,0,1154379,47389161,18370609,3786414,13553819,1030376,23440682,14087963,6586712,2766007,5577870,7374048,32.5,465627,429,188,153,88,341,1164,1,26111,0,41167,1,234991,6890594,8521096,,51245,95784,5814845,1361,118,4380,50147,7162,12802,3375
4400,2018,LOUISIANA STATE,S,7,1,0,1,6146526,3689183,1,1358729,14368447,7993118,714753,7134903,143462,5540034,3393872,1831502,314660,835295,2158928,44,121178,138,58,58,22,116,785,0,30598,0,5401,0,36414,1620764,1468900,931550,13485,17483,985087,551,51,1469,27285,4578,5225,1192
8900,2018,VIRGINIA,S,5,1,0,1,6111536,6620159,0,900631,46209907,15915626,1781823,11239969,349108,20296102,12988467,5063939,667591,9998179,6776755,39.4,916298,331,161,119,51,280,1047,0,16248,0,35873,0,179548,2902873,2465111,,20940,28033,1696245,816,55,1496,22143,2217,6401,1304
1800,2018,COLORADO,S,8,1,0,1,5923530,8969582,0,926743,25587229,13565947,2545666,10054922,965359,9754208,5570372,3222691,961145,2267074,3009488,30,90982,212,97,72,43,169,1182,0,22017,0,40489,0,167978,3467534,8801878,423418,73488,23048,2506092,594,63,1585,29656,5682,2679,3603
4700,2018,MARYLAND,S,5,1,0,1,5831612,5994748,0,2831049,29881576,12628463,1635128,10245410,747925,13385471,9569884,2876440,939147,3867642,4656574,,733831,278,140,71,67,211,815,0,16388,0,35746,0,120132,4372569,9797178,157199,36548,51147,1950022,672,82,1830,35815,4706,8107,2546
7500,2018,SOUTHERN CALIFORNIA,P,9,1,1,1,5525687,6078192,0,2938045,49228384,21314825,5184489,15948482,181854,20312570,11844458,6805759,1662353,7600989,6540389,33.5,13016,310,123,103,84,226,1271,0,29620,0,87115,0,128545,,,,19053,26410,2414029,2007,149,2185,40317,6406,21686,5867
600,2018,BRIGHAM YOUNG,P,8,1,0,1,5515169,5682939,1,1328011,30322604,12824868,2136624,10154852,533392,14765268,8839107,2610598,3315563,2732468,7013625,56,328198,394,108,62,224,170,2907,0,69727,0,66757,0,307170,2967653,14930078,437109531,20758,30900,3180740,93,24,1256,28156,3077,1881,1220
6700,2018,PITTSBURGH,S,2,1,1,1,5508539,6118690,0,1721255,33248865,17558257,2292381,14033413,1232463,13012064,7757855,4656307,597902,2678544,4272569,38.6,646216,275,107,125,43,232,1210,0,24509,0,29838,0,76509,5455215,4962497,,35210,19720,1945628,1073,101,2110,31430,3150,7407,1909
4100,2018,KANSAS,S,4,1,1,1,5390075,5003187,0,1186514,21437606,9604197,1237832,7698653,667712,10271019,4604450,4813856,852713,1562390,3029617,32,,227,62,107,58,169,840,0,13773,0,19824,0,122559,2833932,3391643,83531,26796,17887,1259009,754,95,2294,23220,4763,6069,2576
5300,2018,MINNESOTA,S,4,1,0,1,5353613,7663181,0,1283286,43361552,20067226,4082122,14849918,1135186,19525923,10901884,7301691,1322348,3768403,5649558,34,566492,351,145,142,64,287,1121,0,35791,0,23923,0,172382,7431545,3221564,4910301,111746,43334,1860413,1675,124,2599,39705,12143,9714,6701
4500,2018,MCGILL,C,10,1.27,1,1,5270352,6749802,0,2391398,31556759.06,19189962.2,5548166.93,13101164.57,540630.71,10308448.82,6605680.31,3319075.59,383692.91,2058348.03,1727944.88,28,,194,97,77,20,174,939,0,25113,0,70306,1,179334,5837345,2995102,,11259,16332,2500232,1009,97,5827,33533,7438,7698,2006
3700,2018,IOWA,S,4,1,0,1,5263067,7777787,1,2004891,35162544,19714669,3091647,15579847,1043175,13122218,8148155,4201161,772902,2325657,5325900,38,,242,123,77,42,200,969,0,15259,0,59678,1,128027,753446,1806264,9536,39893,20334,2208489,340,79,1452,25972,6194,4750,2913
200,2018,ALBERTA,C,10,1.27,0,1,5259878,7765996,0,1446356,37820507.09,19258944.88,3738974.8,14446713.39,1073256.69,12113133.07,5871531.5,5531570.87,710030.71,6448429.13,2945933.07,,,220,78,114,28,192,687,0,18577,0,134667,0,209546,,,,35865,12911,2877428,439,,1627,35801,3601,6305,1363
2600,2018,FLORIDA,S,5,1,1,1,5242219,6169930,0,1492036,32827409,13820695,1705444,11729384,385867,14568294,6777901,7322504,467889,4438420,4668918,26,579112,330,90,181,59,271,1376,0,24199,0,37538,0,107845,5000778,1595114,0,17543,6945,3640527,2008,102,3104,43861,8808,12477,4945
5800,2018,NORTH CAROLINA,S,5,1,0,1,5241154,9030377,0,1515171,40660526,15662926,4083614,11391518,187794,19106867,9827721,8040976,1238170,5890733,5812127,23.9,,399,154,173,72,327,1571,0,31786,0,67708,1,264573,5058485,8136068,551156,29749,17376,2731903,1208,69,1672,25108,4803,6805,4244
800,2018,BROWN,P,1,1,0,1,5053022,6851411,0,2109222,24907354,12989502,4343440,7918767,727295,9572811,5536996,3633909,401906,2345041,2827855,30.7,,172,76,66,30,142,342,0,5127,0,5248,0,110746,2069806,1044723,1718033,34814,35730,1131282,208,46,854,9606,601,2944,279
400,2018,ARIZONA STATE,S,8,1,1,1,5026533,5335614,1,1431161,26483129,11762837,1440994,10200909,120934,11528491,4882599,6067030,578862,3191801,3828476,36,,212,66,145,1,211,600,0,15632,0,32797,0,134512,4921124,10183437,71266219,18478,30198,3273541,968,89,3238,75271,28296,12037,7979
9300,2018,WASHINGTON U.-ST. LOUIS,P,4,1,0,1,4993517,5788013,0,2015962,29670381,14787316,2306822,12227449,253045,11362729,8040704,2652994,669031,3520336,3766098,30,7545,229,120,79,30,199,1320,0,11504,0,39615,1,102901,5159803,3534052,58478,37363,37763,1495564,706,50,2011,13248,2055,6174,1454
8800,2018,UTAH,S,8,1,0,1,4928636,4587570,0,956835,26431379,10050159,1189890,8505226,355043,12791437,5123607,6453883,1213947,3589783,5143265,34,1884337,283,71,136,76,207,1646,0,21151,0,69071,0,160192,5027180,6688140,,31659,21740,1893772,756,125,1508,24275,8485,6209,1916
2800,2018,GEORGETOWN,P,5,1,1,1,4812766,4528505,0,2101284,29278117,12751589,2643219,9870349,238021,13008453,8001063,4295090,712300,3518075,4737004,37,1238,230,100,89,41,189,3418,0,32474,0,56915,0,189317,3608212,1726723,68387,33564,32283,1705624,983,29,1044,14585,4420,7598,3944
6200,2018,OKLAHOMA,S,7,1,0,1,4775172,6219244,0,1478180,27331500,14599260,1200542,12612538,786180,9369302,6030417,1978593,1360292,3362938,2630283,33,490000,230,95,60,75,155,1424,0,22272,0,27358,0,83686,3811849,7605734,792634,20848,14787,2011460,769,78,2431,24224,6859,5036,3589
300,2018,ARIZONA,S,8,1,0,1,4762544,7584660,0,2052083,31962863,15770670,2771714,11771283,1227673,11876917,6042052,5039353,795512,4315276,3523190,34.7,1397944,232,83,115,34,198,494,0,8328,0,10130,0,182836,9145046,4761166,62026456,37826,27183,2641243,656,100,1798,39458,6579,8012,2476
8500,2018,TEXAS A&M,S,7,1,1,1,4743226,5745651,0,1977914,53326289,27252769,4757528,20252059,2243182,17258062,12278716,3839532,1139814,8815458,380460,32.7,2253507,479,179,93,207,272,1778,0,69519,0,28802,0,181341,5558820,9394671,370589904,49226,43208,4121550,1451,97,4028,59719,9648,11789,3209
2700,2018,FLORIDA STATE,S,5,1,1,1,4738077,5425086,1,2846897,20831074,10652587,1304454,9090630,257503,9029094,6198225,2057243,773626,1149393,2728815,29,238162,264,111,71,82,182,939,0,18109,0,22375,0,85380,2751182,5580852,291026812,13362,11364,1862007,754,67,1884,35050,6312,5764,2590
6300,2018,OKLAHOMA STATE,S,7,1,1,1,4672614,4883063,0,2212135,15388452,8190730,414566,7573182,202982,6732241,3887744,1944201,900296,465481,2125972,38.71,101839,330,58,56,216,114,665,0,18829,0,23533,0,337804,2023210,3774576,8267,35861,9103,1721952,245,44,1210,22870,10371,1260,2441
500,2018,BOSTON,P,1,1,0,1,4657693,5513320,0,2562033,26142554,11991659,1154982,10447000,389677,11635837,7335279,3594553,706005,2515058,2783768,26.6,1235605,251,85,89,77,174,1166,0,17241,0,28466,0,52922,3846084,2537826,930781,11817,14181,2205118,1100,141,2862,26986,6369,10146,5129
2900,2018,GEORGIA,S,5,1,0,1,4634075,5345376,0,908799,27950571,14219525,1888037,11587951,743537,11364689,5952617,4611556,800516,2366357,3812501,,,275,90,136,49,226,2090,0,43164,0,41802,0,225341,4016253,9135139,1549163,31179,8285,2746941,980,27,2033,34549,3642,7407,1936
100,2018,ALABAMA,S,6,1,0,1,4433348,5040478,0,1784698,22962637,12004491,1491422,9938567,574502,7357067,4913413,1898644,545010,3601079,2196792,32,34504,159,70,52,37,122,1066,0,23211,0,12545,0,60430,1640671,6674808,79354656,17876,13024,1425067,290,63,1435,33298,5265,2905,1882
4300,2018,KENTUCKY,S,6,1,0,1,4351608,4820580,0,1680981,25078473,11435995,1301265,9334325,800405,9700848,6640050,2562053,498745,3941630,2664802,30,155026,217,92,87,38,179,750,0,14155,0,12821,0,59857,2792547,1319563,16895,17485,16664,1339577,866,78,1392,26396,3069,5739,1301
9800,2018,YORK,C,10,1.27,1,1,4282441,4687837,1,1515555,22894430.71,10480777.95,2051452.76,8376661.42,52663.78,10571167.72,5923306.3,3997839.37,650022.05,1842485.04,2715523.62,,,177,59,93,25,152,601,0,12274,0,25365,0,146571,2799460,6705913,,8554,3351,2608463,199,43,1630,45457,7914,4237,1564
3900,2018,JOHNS HOPKINS,P,5,1,1,1,4182815,5349850,1,1755896,47239047,22303279,3868453,18034238,400588,15400533,11750818,3035017,614698,9535235,4894788,34,280056,258,134,97,27,231,710,0,13834,0,21528,0,132025,8034870,10796841,61175273,57764,39636,1757381,591,65,1403,14742,10771,8493,10328
6000,2018,NOTRE DAME,P,3,1,0,1,4178671,4899286,1,1497530,29023873,14264437,5235826,8865451,163160,12359713,8172994,3795185,391534,2399723,3775880,25.9,,238,116,99,23,215,825,0,8647,0,12364,0,111937,1384868,,,37316,23029,1208538,487,51,1188,12255,212,3698,193
2500,2018,EMORY,P,5,1,1,1,4171674,4871783,0,1222106,48035687,21364254,6885642,14442365,36247,20269692,15631841,3490081,1147770,6401741,5273011,27.5,570196,391,205,83,103,288,1399,0,24886,0,22551,0,169755,2262017,6031291,,21603,11226,1711592,825,41,2351,13606,1636,5836,1490
7300,2018,RUTGERS,S,2,1,1,1,4094759,5467917,1,1038767,41362397,14892696,1667301,12922106,303289,22728192,8751527,12534511,1442154,3741509,9234772,50.53,,382,97,201,84,298,1595,0,29882,0,50699,0,167386,5303261,2469887,0,48753,64524,3123244,1184,136,4553,58621,13389,12079,8974
9500,2018,WESTERN,C,10,1.27,0,1,4054816,4724943,0,1706437,19908625.98,11524200.79,1247787.4,9165677.17,1110736.22,7477046.46,4648591.34,2514753.54,313701.57,907378.74,1973222.83,27.5,,150,67,70,13,137,336,0,9927,0,10432,0,107989,6724187,6333733,29276648,9658,7046,2531141,353,50,1405,29588,1997,5935,414
8200,2018,TEMPLE,S,2,1,1,1,4043344,4833389,0,1619861,22467243,10274350,1256219,8860733,157398,9467326,6705131,2030150,732045,2725567,2549208,31.4,,186,109,34,43,143,1269,0,30127,0,13767,0,126557,2719625,4588051,,22017,16782,1390363,,68,2253,34503,5528,7556,2952
1400,2018,"CALIFORNIA, SANTA BARBARA",S,9,1,0,1,3873878,3153193,1,928871,19953337,5794229,1340249,4400761,53219,10368932,4275057,5279785,814090,3790176,4336061,,,210,46,125,39,171,490,0,10719,0,16775,0,163636,,,,8149,23117,2766591,361,47,1079,27506,422,2865,6
3800,2018,IOWA STATE,S,4,1,0,1,3843636,2801438,1,460516,21501123,12060473,872088,11057935,130450,7343819,4330287,2599858,413674,2096831,2567932,,,144,68,52,24,120,374,0,12740,0,7429,0,59813,353173,170044,1376637,20373,10913,2314211,393,81,1561,32016,3977,3426,2161
8100,2018,SYRACUSE,P,2,1,0,1,3828849,5667283,0,545994,25065245,12024258,2638023,9067330,318905,10293408,6452312,3169529,671567,2747579,3835344,40,,224,85,78,61,163,622,0,12984,0,16290,0,131188,1043407,14804631,4641,28864,14602,1383418,309,63,1154,19238,3246,4563,2669
8850,2018,VANDERBILT,P,6,1,0,1,3798548,4681657,1,1857106,33703820,16299890,4039796,11713253,546841,9883416,6600859,2853603,428954,7520514,2239805,25,,190,92,75,23,167,898,0,11372,0,7603,0,103310,4036320,13659996,61515,16660,15401,1045017,662,58,4120,11782,810,4977,730
6900,2018,PURDUE,S,3,1,0,1,3755634,4089836,1,2458521,28987529,15497377,1131846,13340200,1025331,9845112,6376704,2559019,909389,3645040,3465343,40,413469,214,90,79,45,169,844,0,17945,0,12497,0,42087,5070196,5268130,669191,28701,17441,,977,76,1953,36719,5980,6442,4125
1050,2018,"CALIFORNIA, IRVINE",S,9,1,0,1,3746220,3933821,0,1492435,22740672,9669722,1436981,8001793,230948,11556743,5782665,5172605,601473,1514207,4947519,,904187,205,68,109,28,177,894,0,21375,0,13532,0,57144,,,,11402,13965,1887976,600,53,1290,34338,905,5487,449
1700,2018,CINCINNATI,S,3,1,1,1,3737407,4451891,1,1764051,22187671,10857622,1034724,9814503,8395,9223774,7062996,1302240,858538,2106275,3288359,34.8,969299,166,101,32,33,133,1016,0,21381,0,34521,0,88629,2470761,5212732,250668,24452,18379,1841910,678,87,2410,32702,12081,5458,5138
440,2018,AUBURN,S,6,1,0,1,3717323,4635709,0,1043354,14993069,8546606,1091765,7410063,44778,5039856,3424470,975444,639942,1406607,1377025,31.1,23431,104,52,22,30,74,381,0,6289,0,23868,1,47796,1682462,2020753,0,32813,7917,908601,524,63,1330,25158,4618,3396,2416
5400,2018,MISSOURI,S,4,1,0,1,3677262,4998882,0,1066901,16943630,10159352,754719,9091908,312725,5740775,3057293,2109031,574451,1043503,1796040,35.37,,140,45,68,27,113,711,0,12418,0,11205,0,69011,1817368,1843690,,39401,36047,1284117,803,75,1879,25265,4578,4545,2814
860,2018,CALGARY,C,10,1.27,1,1,3661840,4310340,1,1182548,23120091.34,9771173.23,956791.34,7603321.26,1211060.63,11542753.54,5218722.83,5862328.35,461702.36,1806164.57,2583838.58,21,277765.35,188,62,110,16,172,569,0,15461,0,35123,0,144354,3195064,1097813,,10237,16087,2226466,656,56,1822,30383,2053,5825,327
1000,2018,"CALIFORNIA, DAVIS ",S,9,1,0,1,3657133,4887272,0,1344519,21951752,9671982,1776981,7833226,61775,10143670,6165778,3284231,693661,2136100,4529970,51,921964,158,71,59,28,130,673,0,16190,0,35052,0,79442,,,,19663,14598,1752767,989,72,1568,36846,1523,7561,742
4800,2018,MASSACHUSETTS,S,1,1,0,1,3612186,4363904,1,1581203,20090284,8421325,634466,7066430,720429,8993771,5215685,2898101,879985,2675188,2995610,36.92,190644,148,54,59,35,113,683,0,11776,0,6758,0,82757,2462395,2062523,0,21579,25030,1093575,355,48,1375,25869,6198,2565,4387
5600,2018,NEW MEXICO,S,8,1,0,1,3574102,2522022,0,995374,19969669,7941250,973363,6724653,243234,8930948,4424554,3829417,676977,3097471,2587427,37.33,7180546,184,60,93,31,153,784,0,13267,0,15096,0,88968,3223900,5192117,198414018,20662,19339,1479803,632,51,1107,22349,7355,3785,3344
1500,2018,CASE WESTERN RESERVE,P,3,1,0,1,3542956,4044677,0,1421046,15068918,8072671,1268767,6567710,236194,5511158,3783815,1099884,627459,1485089,1568752,33,272715,120,57,32,31,89,393,0,7272,0,9798,0,62349,1613495,1028925,,17141,14659,547657,658,59,674,10464,1360,5486,1188
7390,2018,SIMON FRASER,C,10,1.27,1,1,3485475,3504674,0,1681660,19283031.5,8893825.2,2069102.36,6630300.79,194422.05,8174574.02,5290291.34,2414305.51,469977.17,2214632.28,1705600,16.57,,151,75,64,12,139,1248,0,25280,0,69990,0,116860,3295379,5011915,259816,10050,5597,1782719,185,38,977,21656,13921,5750,0
6430,2018,OTTAWA,C,10,1.27,0,1,3448177,4216870,0,1792884,21288870.08,11721416.54,3514034.65,8199414.96,7966.93,8596354.33,4618970.87,3766515.75,210867.72,971099.21,1765470.08,19.19,,157,55,93,9,148,583,0,16136,0,23335,0,134865,2411560,596996,,11615,5225,1730156,294,50,1296,33844,4536,5264,966
5000,2018,MIAMI,P,5,1,0,1,3411730,3978507,0,1183283,29279973,13709607,1812542,11483617,413448,9672205,6528481,2444254,699470,5898161,2726346,26.2,,241,96,79,66,175,953,0,14208,0,45408,0,96059,2295372,1423904,692520,16157,6404,1629766,853,68,1115,15904,1427,5420,794
1300,2018,"CALIFORNIA, SAN DIEGO",S,9,1,0,1,3405975,5162681,0,1458478,32135690,9864701,1995603,7869098,,17089075,10184691,5473383,1431001,5181914,6896498,52,913728,297,121,116,60,237,732,0,27691,0,16849,0,159099,6905598,12490643,,21558,14806,2111514,521,38,1296,34566,1206,6686,499
2750,2018,GEORGE WASHINGTON,P,5,1,1,1,3299630,3672365,0,1341678,34071381,12809987,1711557,9138800,1959630,16490707,12345561,3262417,882729,4770687,4046381,25,,252,138,88,26,226,4270,1,53007,1,19168,0,84237,4017598,2172318,1070301,16192,44855,1732120,1149,59,1188,18644,8409,7765,7281
8300,2018,TENNESSEE,S,6,1,1,1,3285890,3975865,0,1056620,29611059,16410751,3253126,12776869,380756,11318140,7589470,3236381,492289,1882168,2991511,35,4292,231,110,86,35,196,1164,1,25937,1,34005,1,117154,5022938,4330454,13062791,31996,12344,2499866,1168,64,1803,28072,3808,6797,2425
1200,2018,"CALIFORNIA, RIVERSIDE",S,9,1,0,1,3254318,4099291,1,1072469,13989686,4996416,770738,3940808,284870,7923162,4271796,3139009,512357,1070108,3233754,51,564658,137,39,54,44,93,554,0,12911,0,8315,0,48720,1630247,1262924,0,12052,12457,1524614,354,42,878,23297,625,3087,254
7200,2018,ROCHESTER,P,2,1,0,1,3244749,3643934,0,934370,22983344,12242431,2372966,9785265,84200,8234225,5710339,1928546,595340,2506688,2346962,28,,183,81,59,43,140,956,1,14766,1,21151,1,116289,2480044,2636882,0,15152,18655,116424,365,63,2261,9766,1882,3516,1586
6050,2018,OHIO,S,3,1,1,1,3204084,3363969,0,1074086,12266227,5727460,813422,4601040,312998,5412828,3149455,1710005,553368,1125939,1916363,35,896232,118,47,41,30,88,516,0,11190,0,9031,0,94179,1354236,4137745,21720,33913,28928,1263444,375,44,1236,25641,10808,3038,3092
7400,2018,SOUTH CAROLINA,S,5,1,0,1,3192501,3857542,0,736710,23006956,9996695,369023,9353471,274201,9240332,5377624,3114542,748166,3769929,3160526,29.6,,251,75,104,72,179,1437,0,19237,0,49065,0,72702,2051495,576288588,25092254,14271,16213,1605747,1067,71,1962,32330,3660,7087,2541
2300,2018,DARTMOUTH,P,1,1,0,1,3177993,3591147,0,991009,23127719,12066082,1607956,10124420,333706,9167871,4930217,3696320,541334,1893766,2925038,34,,193,68,98,27,166,993,0,10300,0,11218,0,180588,1244493,3738530,258377,49791,28638,1506498,158,21,772,6436,135,2079,75
550,2018,BOSTON COLLEGE,P,1,1,0,1,3169976,4475483,0,1226080,25606176,13549881,2813391,10403373,333117,10844334,7119888,2842449,881997,1211961,3790365,38,176723,190,85,62,43,147,733,0,9506,0,13223,0,155204,1458239,4189908,,42050,48800,1999518,388,31,834,14628,1348,4707,1124
7100,2018,RICE,P,7,1,0,1,3156397,2999850,1,168632,20074941,12873578,3593862,8716525,563191,6265165,4710121,1398153,156891,936198,1746966,28.6,,115,64,41,10,105,217,0,2278,0,,0,66952,,,,14452,10921,603382,207,27,680,6697,325,2781,240
7900,2018,SUNY-BUFFALO,S,2,1,0,1,3139888,4352135,1,968597,21107082,10207858,943503,9039253,225102,9257511,7011414,1447724,798373,1641713,5072944,59.97,33130,160,92,29,39,121,1948,0,16658,0,14054,0,62871,3044674,4339596,101770,26445,36469,3346303,1096,101,1283,25653,4995,6200,3428
5850,2018,NORTH CAROLINA STATE,S,5,1,0,1,3099984,5273930,1,1211885,36047384,12563347,2293558,9199604,1070185,14573308,10017014,3553682,1002612,8910729,4209474,33,,259,134,82,43,216,1109,0,21550,0,32339,0,72655,4174440,6430770,1094341,18122,24201,2542366,633,60,1732,27415,7017,6031,4251
8700,2018,TULANE,P,7,1,1,1,3093448,4558474,1,1234550,19881137,12991515,2368518,9832779,790218,5627936,3208633,2272974,146329,1261686,1263499,20,454385,133,49,64,20,113,666,0,11418,0,14018,0,65053,1163148,2927263,12226333,10475,6571,1233126,924,89,1536,14812,2636,6702,1527
6400,2018,OREGON,S,9,1,1,1,3056174,4286873,0,752636,18598047,7173701,993052,5788310,392339,9074670,4666593,3150625,1257452,2349676,6131972,72.3,,213,80,74,59,154,641,0,12905,0,28834,0,104356,3048252,2763458,983219,42603,41152,1540866,298,45,1131,20944,1943,3143,404
5500,2018,NEBRASKA,S,4,1,0,1,3033176,3031601,0,727811,17543752,8210691,609566,7601125,,7726880,3713839,3289816,723225,1606181,2214497,30,,170,45,89,36,134,280,0,7022,0,14684,1,84188,1951257,2395027,12027785,25625,24395,1484055,398,47,1386,22267,3820,2733,2400
7000,2018,QUEEN'S,C,10,1.27,0,1,3011156,3143930,0,666877,16420180.31,8531547.24,633981.1,7390697.64,506868.5,6831382.68,3920433.86,2645372.44,265576.38,1057250.39,1892537.01,,,116,42,61,13,103,1184,0,17615,0,16432,0,83750,2657700,3320008,167524,5747,5539,1446385,221,42,769,24536,3736,4315,729
3200,2018,HAWAII,S,9,1,0,1,2979605,3134471,0,462721,19874398,8926933,479458,8005600,441875,10004334,6700334,2409269,894731,943131,1334916,61.56,,192,92,59,41,151,668,0,9308,0,11131,0,74319,1439678,2240360,686,4961,21423,1548014,379,58,1613,13940,4384,3238,2205
8950,2018,VCU,S,5,1,1,1,2942230,3186186,0,1191535,22401436,12316292,1844251,9804391,667650,8262213,4603260,3198482,460471,1822931,2562205,38.2,645086,188,68,85,35,153,1625,0,55165,0,12932,0,55807,2135829,4349159,0,21669,10006,2467522,326,42,2338,27865,5604,5102,1925
2100,2018,CONNECTICUT,S,1,1,1,1,2940066,3675627,0,943599,23106540,12783273,899453,10693287,1190533,9232616,4848539,3794722,589355,1090651,5343246,67.3,928834,155,58,53,44,111,651,0,12067,0,10936,0,72885,4870856,3679388,1079343,23909,32513,1673365,958,83,2003,29447,4149,6938,2813
2350,2018,DELAWARE,S,5,1,0,1,2891602,3389827,1,670435,22742892,12358392,2782873,9027485,548034,8358844,5852921,2240776,265147,2025656,4012322,41.6,,147,73,57,17,130,680,0,14934,0,33730,0,87375,1292283,3290689,525093,29071,14011,916026,310,62,1247,21384,2390,3189,835
9200,2018,WASHINGTON STATE,S,9,1,1,1,2763844,3156906,0,751327,13902268,6989579,629642,6166987,192950,6152317,2873445,2660249,618623,760372,2564935,,,133,49,60,24,109,1656,0,58282,0,16833,1,55478,2188856,1353655,18612,35208,62472,1328107,315,65,1368,25851,4763,3685,1652
7600,2018,SOUTHERN ILLINOIS,S,3,1,0,1,2750140,3591021,0,446749,10562253,5880409,343092,5163051,374266,4158301,2283311,1431542,443448,523543,2046147,58,33402,101,33,44,24,77,585,0,5809,0,8120,1,71740,654415,570154,0,29119,20562,653503,348,30,833,11877,2677,2422,1145
3490,2018,"ILLINOIS, CHICAGO",S,3,1,0,1,2749951,3110486,1,854165,18605829,8745301,1490088,7251486,3727,7577887,3918493,3136901,522493,2282641,1790567,35.21,,163,56,82,25,138,882,0,11144,0,26354,0,117450,4227172,4912268,45280,40626,34864,2448033,349,56,2053,25956,4642,7966,3125
9400,2018,WAYNE STATE,S,3,1,0,1,2743232,3069513,0,1175780,19961825,9992987,112346,9585979,294662,8236376,4957413,2409515,869448,1732462,2505896,33.2,,239,71,86,82,157,326,0,8510,0,22208,0,18726,3492391,4911547,14485,19042,25357,1228951,826,69,1034,18298,8766,5909,3858
4650,2018,MANITOBA,C,10,1.27,0,1,2710892,3696336,0,1776370,22894264.57,11479304.72,2484559.84,8883171.65,111573.23,8936693.7,4802210.24,4134483.46,0,2478266.14,1712757.48,22.15,,162,57,105,,162,801,1,12933,1,84246,1,95105,2464739,1381887,8653,6103,4617,1542484,159,54,1106,23993,4793,3056,665
7800,2018,SUNY-ALBANY,S,2,1,0,1,2678230,2791371,0,485479,13824204,6831795,899389,5553009,379397,6365759,4721076,1272747,371936,626650,3685002,61.48,23771,117,68,31,18,99,537,0,8862,0,45556,0,749091,974520,2353326,58207656,14112,30895,1177450,177,37,676,14843,2903,2107,2135
9000,2018,VIRGINIA TECH,S,5,1,0,1,2619800,3029097,0,1492008,24015933,10229285,1091225,7964160,1173900,9919048,6351796,3019624,547628,3867600,358946,35.25,1292225,174,107,53,14,160,929,0,24810,0,11368,0,112366,3360152,6033680,,11761,26889,1533235,594,54,1806,31564,2876,4961,2286
4200,2018,KENT STATE,S,3,1,0,1,2569379,2991704,0,945785,11383438,5185200,506360,4221387,457453,5229374,4289207,366813,573354,968864,1827501,37.6,590252,99,63,8,28,71,445,0,8405,0,37682,0,102594,1466278,5788109,804806,4612,8808,1364365,275,23,1010,24189,6725,3542,2466
7370,2018,SASKATCHEWAN,C,10,1.27,0,1,2442695,2932727,0,788916,21339363.78,11690324.41,1669733.07,9625202.36,395388.98,8623869.29,5359757.48,2865680.31,398431.5,1025170.08,1337724.41,,,154,63,77,14,140,1128,0,13499,0,22696,0,63067,2060243,,,5636,5155,1815017,471,51,981,19721,2126,2913,382
4350,2018,LAVAL,C,10,1.27,0,1,2372171,3413162,1,404470,19503496.06,9537633.07,1595865.35,7588140.16,353627.56,9319328.35,4455577.95,4863750.39,,646534.65,2271899.21,24.31,,190,67,123,,190,571,0,13338,0,32161,0,209379,3888120,3549405,,8765,5604,664965,772,86,1306,30734,14446,7633,3799
4900,2018,MIT,P,1,1,0,1,2318126,2909986,0,758981,27771707,11407018,1245136,9811225,350657,12891086,9246273,3171324,473489,3473603,3166987,25.6,,178,95,67,16,162,400,0,7647,0,14450,1,80590,7077757,5406129,73988131,22745,24941,642158,645,36,1024,11181,285,6671,248
9350,2018,WATERLOO,C,10,1.27,0,1,2292910,2357953,1,481207,17148767.72,9106811.02,1855051.18,7000519.69,251240.16,6760830.71,2774570.87,3157225.98,829033.86,1281125.98,1470877.17,,,160,44,82,34,126,320,0,11901,0,10856,0,80823,3722406,2767709,1004498,17284,18999,2358252,311,69,1259,36528,2570,4611,1249
3300,2018,HOUSTON,S,7,1,0,1,2234418,3025765,0,763369,24292731,13146695,1072985,10780425,1293285,8020759,6361153,890335,769271,3125277,1914104,30,,182,92,51,39,143,1383,0,38097,0,44616,1,70712,2867630,7005008,835408,29780,22223,1904707,830,49,1560,33123,12241,5964,2185
4600,2018,MCMASTER,C,10,1.27,0,1,2128339,2381754,0,621966,17269584.25,9982414.96,867477.95,8284304.72,830632.28,6130519.69,3438564.57,2480803.15,211151.97,1156649.61,1710024.41,29,2333.86,126,54,56,16,110,269,0,8041,0,19073,0,67452,3108400,,,10009,7320,2544802,270,50,1033,29982,1861,3811,750
1900,2018,COLORADO STATE,S,8,1,0,1,2066713,2386496,0,545493,19699537,9233079,1245259,7397425,590395,8283348,4953328,2663821,666199,2183110,2499291,28,,189,70,77,42,147,550,0,15726,0,58180,1,43967,2927474,3410354,432044,55214,24108,1442382,388,51,1379,25327,7756,3173,4387
8000,2018,SUNY-STONY BROOK,S,2,1,0,1,2014368,2273394,0,352524,15327292,9019022,152436,8551214,315372,5965673,5766667,,199006,342597,,,41939,96,82,,14,82,415,0,11740,0,5947,0,53056,2215497,1567180,361189363,15639,9828,2022169,584,58,1810,21770,4219,5558,3067
3000,2018,GUELPH,C,10,1.27,1,1,1902364,2241190,1,682611,13907533.86,6449160.63,1305147.24,4489388.98,654624.41,6630745.67,4450388.98,1947792.13,232564.57,827627.56,1838563.78,27.7,,127,59,55,13,114,2136,0,49023,0,25314,0,44723,3610266,,,16594,13540,1444905,167,,767,21326,2136,2372,210
2950,2018,GEORGIA TECH,S,5,1,0,1,1707842,2382302,0,1257098,17680803,8981822,949313,8032509,0,5984587,3890828,2083759,10000,2714394,0,29,,87,47,40,,87,443,0,10068,0,6146,0,8190,2181757,2359381,0,4628,4508,1383082,508,40,1115,20483,8893,6509,7294
9930,2018,NATL LIB OF MEDICINE,N,5,1,0,1,1553934,2941855,1,26453,60417961,13495947,1530155,11121890,843902,21355159,19182384,2135662,37113,25566855,6955640,28,,235,194,33,8,227,338,0,3514,0,6452,0,52782,0,0,0,111235,50,0,0,0,0,0,0,0,0
3400,2018,HOWARD,P,5,1,0,1,1364951,1327554,0,439180,7236498,2983157,121899,2846258,15000,3728506,2575389,1069414,83703,52000,740331,25,170997,74,27,32,15,59,216,1,4477,1,3795,0,7363,341410,433225,1153,10912,4710,152803,223,31,665,9059,749,2969,485
9910,2018,NATL AGRICULTURAL LIB,N,5,1,0,1,1292308,2464369,0,179919,21874154,5837913,238019,5433656,166238,7454205,6346376,1061239,46590,8582036,2422315,33,,76,58,18,,76,50,0,1125,0,3113,0,871,,,,2598,1370,,,,,,,,
4420,2018,LOUISVILLE,S,6,1,1,1,992427,2234811,0,192910,17817610,11000067,1810835,8904526,284706,5045732,3135264,1669479,240989,1771811,1755983,28.54,100972,117,45,53,19,98,661,0,15152,0,15928,0,79334,1376932,2728328,0,20961,35484,2175739,509,41,936,16951,5508,4089,1835
9980,2018,SMITHSONIAN,N,5,1,0,1,921077,2149136,1,86,12620351,2797557,299210,1550277,948070,9289651,7064030,2222086,3535,533143,2939979,30,47651,128,77,46,5,123,941,0,51151,0,22233,0,25230,134765,174544,6758,2259,5299,5374,,,,,,,
8550,2018,TEXAS TECH,S,7,1,1,1,866372,3718570,1,734131,29261528,15696378,1433789,14127660,134929,11376371,6034635,4534059,807677,2188779,3576110,29,,273,88,132,53,220,1105,0,15785,0,175596,0,204130,4391334,2165427,0,27439,39409,1434381,963,60,2359,34590,7194,6161,3553
9915,2018,NATL ARCHIVES,N,5,1,0,1,262048,2361538462,1,,282242261,120000,2000,118000,0,115756261,,,,166366000,66393639,36.45,,2789,1831,957,1,2788,3361,0,417726,0,78014,0,100,,,,0,60,88879,,,,,,,
9850,2018,BOSTON PUBLIC,N,1,1,0,0,,23421600,1,115019,43645889,4531303,104692,4426611,0,26665985,14650015,12015970,0,12448601,6786493,,,682,456,209,17,665,2104,0,37654,1,369836,1,4924031,,,,15847,11246,3735208,,,,,,,
9870,2018,CENTER FOR RESEARCH LIBS,N,3,1,0,1,,,0,,5235000,1900000,,,,3335000,2633760,573173,128067,,1221580,,,59,35,18,6,53,20,0,653,0,,0,23046,,,,15949,6,,,,,,,,